,Country name_x,Alpha-2 code,ISO3,Numeric code,latitude,longitude,year,Country name_y,Healthy life expectancy at birth,INDICATOR_x,SUBJECT_x,MEASURE_x,FREQUENCY_x,money,Flag Codes_x,INDICATOR_y,SUBJECT_y,MEASURE_y,FREQUENCY_y,time,Flag Codes_y
0,Australia,AU,AUS,36,-27.0,133.0,2005,Australia,69.8,AVWAGE,TOT,USD,A,52013.94,,HRWKD,TOT,HR_WKD,A,1807.904,
1,Australia,AU,AUS,36,-27.0,133.0,2007,Australia,69.96,AVWAGE,TOT,USD,A,53805.0,,HRWKD,TOT,HR_WKD,A,1803.099,
2,Australia,AU,AUS,36,-27.0,133.0,2008,Australia,70.04,AVWAGE,TOT,USD,A,54149.0,,HRWKD,TOT,HR_WKD,A,1799.053,
3,Australia,AU,AUS,36,-27.0,133.0,2010,Australia,70.2,AVWAGE,TOT,USD,A,55536.0,,HRWKD,TOT,HR_WKD,A,1777.571,
4,Australia,AU,AUS,36,-27.0,133.0,2011,Australia,70.28,AVWAGE,TOT,USD,A,57361.0,,HRWKD,TOT,HR_WKD,A,1773.895,
5,Australia,AU,AUS,36,-27.0,133.0,2012,Australia,70.36,AVWAGE,TOT,USD,A,57752.0,,HRWKD,TOT,HR_WKD,A,1770.775,
6,Australia,AU,AUS,36,-27.0,133.0,2013,Australia,70.44,AVWAGE,TOT,USD,A,57579.0,,HRWKD,TOT,HR_WKD,A,1766.0,
7,Australia,AU,AUS,36,-27.0,133.0,2014,Australia,70.52,AVWAGE,TOT,USD,A,58102.0,,HRWKD,TOT,HR_WKD,A,1755.133,
8,Australia,AU,AUS,36,-27.0,133.0,2015,Australia,70.6,AVWAGE,TOT,USD,A,57744.0,,HRWKD,TOT,HR_WKD,A,1751.305,
9,Australia,AU,AUS,36,-27.0,133.0,2016,Australia,70.675,AVWAGE,TOT,USD,A,57885.0,,HRWKD,TOT,HR_WKD,A,1738.715,
10,Australia,AU,AUS,36,-27.0,133.0,2017,Australia,70.75,AVWAGE,TOT,USD,A,57619.0,,HRWKD,TOT,HR_WKD,A,1738.494,
11,Australia,AU,AUS,36,-27.0,133.0,2018,Australia,70.825,AVWAGE,TOT,USD,A,57843.0,,HRWKD,TOT,HR_WKD,A,1732.539,
12,Australia,AU,AUS,36,-27.0,133.0,2019,Australia,70.9,AVWAGE,TOT,USD,A,58620.0,,HRWKD,TOT,HR_WKD,A,1722.313,
13,Australia,AU,AUS,36,-27.0,133.0,2020,Australia,70.975,AVWAGE,TOT,USD,A,60377.0,,HRWKD,TOT,HR_WKD,A,1683.112,
14,Australia,AU,AUS,36,-27.0,133.0,2021,Australia,71.05,AVWAGE,TOT,USD,A,60681.5,,HRWKD,TOT,HR_WKD,A,1694.129,
15,Austria,AT,AUT,40,47.3333,13.3333,2006,Austria,69.5,AVWAGE,TOT,USD,A,60698.0,,HRWKD,TOT,HR_WKD,A,1617.0,
16,Austria,AT,AUT,40,47.3333,13.3333,2008,Austria,69.7,AVWAGE,TOT,USD,A,62081.0,,HRWKD,TOT,HR_WKD,A,1599.0,
17,Austria,AT,AUT,40,47.3333,13.3333,2010,Austria,69.9,AVWAGE,TOT,USD,A,62831.0,,HRWKD,TOT,HR_WKD,A,1552.0,
18,Austria,AT,AUT,40,47.3333,13.3333,2011,Austria,70.0,AVWAGE,TOT,USD,A,62159.0,,HRWKD,TOT,HR_WKD,A,1557.0,
19,Austria,AT,AUT,40,47.3333,13.3333,2012,Austria,70.1,AVWAGE,TOT,USD,A,62515.0,,HRWKD,TOT,HR_WKD,A,1535.0,
20,Austria,AT,AUT,40,47.3333,13.3333,2013,Austria,70.2,AVWAGE,TOT,USD,A,62568.0,,HRWKD,TOT,HR_WKD,A,1520.0,
21,Austria,AT,AUT,40,47.3333,13.3333,2014,Austria,70.3,AVWAGE,TOT,USD,A,62801.0,,HRWKD,TOT,HR_WKD,A,1510.0,
22,Austria,AT,AUT,40,47.3333,13.3333,2015,Austria,70.4,AVWAGE,TOT,USD,A,63231.0,,HRWKD,TOT,HR_WKD,A,1495.0,
23,Austria,AT,AUT,40,47.3333,13.3333,2016,Austria,70.525,AVWAGE,TOT,USD,A,63860.0,,HRWKD,TOT,HR_WKD,A,1507.0,
24,Austria,AT,AUT,40,47.3333,13.3333,2017,Austria,70.65,AVWAGE,TOT,USD,A,63856.0,,HRWKD,TOT,HR_WKD,A,1498.0,
25,Austria,AT,AUT,40,47.3333,13.3333,2018,Austria,70.775,AVWAGE,TOT,USD,A,64101.0,,HRWKD,TOT,HR_WKD,A,1502.0,
26,Austria,AT,AUT,40,47.3333,13.3333,2019,Austria,70.9,AVWAGE,TOT,USD,A,64623.0,,HRWKD,TOT,HR_WKD,A,1508.643,
27,Austria,AT,AUT,40,47.3333,13.3333,2020,Austria,71.025,AVWAGE,TOT,USD,A,64648.0,,HRWKD,TOT,HR_WKD,A,1400.694,
28,Austria,AT,AUT,40,47.3333,13.3333,2021,Austria,71.15,AVWAGE,TOT,USD,A,65402.32,,HRWKD,TOT,HR_WKD,A,1442.454,
29,Belgium,BE,BEL,56,50.8333,4.0,2005,Belgium,68.4,AVWAGE,TOT,USD,A,62139.95,,HRWKD,TOT,HR_WKD,A,1578.0,
30,Belgium,BE,BEL,56,50.8333,4.0,2007,Belgium,68.72,AVWAGE,TOT,USD,A,62446.0,,HRWKD,TOT,HR_WKD,A,1594.0,
31,Belgium,BE,BEL,56,50.8333,4.0,2008,Belgium,68.88,AVWAGE,TOT,USD,A,62715.0,,HRWKD,TOT,HR_WKD,A,1582.0,
32,Belgium,BE,BEL,56,50.8333,4.0,2010,Belgium,69.2,AVWAGE,TOT,USD,A,63295.0,,HRWKD,TOT,HR_WKD,A,1574.0,
33,Belgium,BE,BEL,56,50.8333,4.0,2011,Belgium,69.36,AVWAGE,TOT,USD,A,63944.0,,HRWKD,TOT,HR_WKD,A,1590.0,
34,Belgium,BE,BEL,56,50.8333,4.0,2012,Belgium,69.52,AVWAGE,TOT,USD,A,64461.0,,HRWKD,TOT,HR_WKD,A,1587.0,
35,Belgium,BE,BEL,56,50.8333,4.0,2013,Belgium,69.68,AVWAGE,TOT,USD,A,65099.0,,HRWKD,TOT,HR_WKD,A,1586.0,
36,Belgium,BE,BEL,56,50.8333,4.0,2014,Belgium,69.84,AVWAGE,TOT,USD,A,65461.0,,HRWKD,TOT,HR_WKD,A,1582.0,
37,Belgium,BE,BEL,56,50.8333,4.0,2015,Belgium,70.0,AVWAGE,TOT,USD,A,65017.0,,HRWKD,TOT,HR_WKD,A,1575.0,
38,Belgium,BE,BEL,56,50.8333,4.0,2016,Belgium,70.15,AVWAGE,TOT,USD,A,65157.0,,HRWKD,TOT,HR_WKD,A,1574.0,
39,Belgium,BE,BEL,56,50.8333,4.0,2017,Belgium,70.3,AVWAGE,TOT,USD,A,64700.0,,HRWKD,TOT,HR_WKD,A,1578.014,
40,Belgium,BE,BEL,56,50.8333,4.0,2018,Belgium,70.45,AVWAGE,TOT,USD,A,65083.0,,HRWKD,TOT,HR_WKD,A,1580.0,
41,Belgium,BE,BEL,56,50.8333,4.0,2019,Belgium,70.6,AVWAGE,TOT,USD,A,65700.0,,HRWKD,TOT,HR_WKD,A,1577.0,
42,Belgium,BE,BEL,56,50.8333,4.0,2020,Belgium,70.75,AVWAGE,TOT,USD,A,63677.0,,HRWKD,TOT,HR_WKD,A,1443.0,
43,Belgium,BE,BEL,56,50.8333,4.0,2021,Belgium,70.9,AVWAGE,TOT,USD,A,65520.82,,HRWKD,TOT,HR_WKD,A,1493.126,
44,Canada,CA,CAN,124,60.0,-95.0,2005,Canada,70.5,AVWAGE,TOT,USD,A,48325.74,,HRWKD,TOT,HR_WKD,A,1745.0,
45,Canada,CA,CAN,124,60.0,-95.0,2007,Canada,70.62,AVWAGE,TOT,USD,A,51127.0,,HRWKD,TOT,HR_WKD,A,1744.0,
46,Canada,CA,CAN,124,60.0,-95.0,2008,Canada,70.68,AVWAGE,TOT,USD,A,52025.0,,HRWKD,TOT,HR_WKD,A,1741.0,
47,Canada,CA,CAN,124,60.0,-95.0,2009,Canada,70.74,AVWAGE,TOT,USD,A,52363.0,,HRWKD,TOT,HR_WKD,A,1712.0,
48,Canada,CA,CAN,124,60.0,-95.0,2010,Canada,70.8,AVWAGE,TOT,USD,A,52457.0,,HRWKD,TOT,HR_WKD,A,1715.0,
49,Canada,CA,CAN,124,60.0,-95.0,2011,Canada,70.86,AVWAGE,TOT,USD,A,53088.0,,HRWKD,TOT,HR_WKD,A,1713.0,
50,Canada,CA,CAN,124,60.0,-95.0,2012,Canada,70.92,AVWAGE,TOT,USD,A,53717.0,,HRWKD,TOT,HR_WKD,A,1722.0,
51,Canada,CA,CAN,124,60.0,-95.0,2013,Canada,70.98,AVWAGE,TOT,USD,A,54286.0,,HRWKD,TOT,HR_WKD,A,1716.0,
52,Canada,CA,CAN,124,60.0,-95.0,2014,Canada,71.04,AVWAGE,TOT,USD,A,54995.0,,HRWKD,TOT,HR_WKD,A,1710.0,
53,Canada,CA,CAN,124,60.0,-95.0,2015,Canada,71.1,AVWAGE,TOT,USD,A,55400.0,,HRWKD,TOT,HR_WKD,A,1712.0,
54,Canada,CA,CAN,124,60.0,-95.0,2016,Canada,71.15,AVWAGE,TOT,USD,A,54350.0,,HRWKD,TOT,HR_WKD,A,1706.0,
55,Canada,CA,CAN,124,60.0,-95.0,2017,Canada,71.2,AVWAGE,TOT,USD,A,55122.0,,HRWKD,TOT,HR_WKD,A,1695.0,
56,Canada,CA,CAN,124,60.0,-95.0,2018,Canada,71.25,AVWAGE,TOT,USD,A,56083.0,,HRWKD,TOT,HR_WKD,A,1708.0,
57,Canada,CA,CAN,124,60.0,-95.0,2019,Canada,71.3,AVWAGE,TOT,USD,A,56370.0,,HRWKD,TOT,HR_WKD,A,1690.0,
58,Canada,CA,CAN,124,60.0,-95.0,2020,Canada,71.35,AVWAGE,TOT,USD,A,59160.0,,HRWKD,TOT,HR_WKD,A,1644.0,
59,Canada,CA,CAN,124,60.0,-95.0,2021,Canada,71.4,AVWAGE,TOT,USD,A,59568.78,,HRWKD,TOT,HR_WKD,A,1685.0,
60,Chile,CL,CHL,152,-30.0,-71.0,2006,Chile,67.78,AVWAGE,TOT,USD,A,21588.58,,HRWKD,TOT,HR_WKD,A,2165.0,
61,Chile,CL,CHL,152,-30.0,-71.0,2007,Chile,67.96,AVWAGE,TOT,USD,A,22100.34,,HRWKD,TOT,HR_WKD,A,2128.0,
62,Chile,CL,CHL,152,-30.0,-71.0,2008,Chile,68.14,AVWAGE,TOT,USD,A,22504.53,,HRWKD,TOT,HR_WKD,A,2095.0,
63,Chile,CL,CHL,152,-30.0,-71.0,2009,Chile,68.32,AVWAGE,TOT,USD,A,24588.31,,HRWKD,TOT,HR_WKD,A,2074.0,
64,Chile,CL,CHL,152,-30.0,-71.0,2010,Chile,68.5,AVWAGE,TOT,USD,A,27871.0,,HRWKD,TOT,HR_WKD,A,2069.8,
65,Chile,CL,CHL,152,-30.0,-71.0,2011,Chile,68.68,AVWAGE,TOT,USD,A,28639.0,,HRWKD,TOT,HR_WKD,A,2050.2,
66,Chile,CL,CHL,152,-30.0,-71.0,2012,Chile,68.86,AVWAGE,TOT,USD,A,29661.0,,HRWKD,TOT,HR_WKD,A,2027.4,
67,Chile,CL,CHL,152,-30.0,-71.0,2013,Chile,69.04,AVWAGE,TOT,USD,A,30530.0,,HRWKD,TOT,HR_WKD,A,2021.3,
68,Chile,CL,CHL,152,-30.0,-71.0,2014,Chile,69.22,AVWAGE,TOT,USD,A,30657.0,,HRWKD,TOT,HR_WKD,A,1994.4,
69,Chile,CL,CHL,152,-30.0,-71.0,2015,Chile,69.4,AVWAGE,TOT,USD,A,30614.54,,HRWKD,TOT,HR_WKD,A,1993.7,
70,Chile,CL,CHL,152,-30.0,-71.0,2016,Chile,69.55,AVWAGE,TOT,USD,A,31834.0,,HRWKD,TOT,HR_WKD,A,1977.5,
71,Chile,CL,CHL,152,-30.0,-71.0,2017,Chile,69.7,AVWAGE,TOT,USD,A,30847.0,,HRWKD,TOT,HR_WKD,A,1963.1,
72,Chile,CL,CHL,152,-30.0,-71.0,2018,Chile,69.85,AVWAGE,TOT,USD,A,32348.0,,HRWKD,TOT,HR_WKD,A,1955.5,
73,Chile,CL,CHL,152,-30.0,-71.0,2019,Chile,70.0,AVWAGE,TOT,USD,A,33190.5,,HRWKD,TOT,HR_WKD,A,1929.5,
74,Chile,CL,CHL,152,-30.0,-71.0,2020,Chile,70.15,AVWAGE,TOT,USD,A,31369.0,,HRWKD,TOT,HR_WKD,A,1825.3,
75,Chile,CL,CHL,152,-30.0,-71.0,2021,Chile,70.3,AVWAGE,TOT,USD,A,33042.33,,HRWKD,TOT,HR_WKD,A,1915.6,
76,Colombia,CO,COL,170,4.0,-72.0,2015,Colombia,68.3,AVWAGE,TOT,USD,A,17879.31,,HRWKD,TOT,HR_WKD,A,2325.319,
77,Colombia,CO,COL,170,4.0,-72.0,2016,Colombia,68.475,AVWAGE,TOT,USD,A,18653.26,,HRWKD,TOT,HR_WKD,A,2315.43,
78,Colombia,CO,COL,170,4.0,-72.0,2017,Colombia,68.65,AVWAGE,TOT,USD,A,19424.86,,HRWKD,TOT,HR_WKD,A,2284.5,
79,Colombia,CO,COL,170,4.0,-72.0,2018,Colombia,68.825,AVWAGE,TOT,USD,A,20370.7,,HRWKD,TOT,HR_WKD,A,2283.326,
80,Colombia,CO,COL,170,4.0,-72.0,2019,Colombia,69.0,AVWAGE,TOT,USD,A,20706.68,,HRWKD,TOT,HR_WKD,A,2272.193,
81,Colombia,CO,COL,170,4.0,-72.0,2020,Colombia,69.175,AVWAGE,TOT,USD,A,23617.24,,HRWKD,TOT,HR_WKD,A,1963.971,
82,Costa Rica,CR,CRI,188,10.0,-84.0,2006,Costa Rica,68.56,AVWAGE,TOT,USD,A,11520.52,,HRWKD,TOT,HR_WKD,A,2360.0,
83,Costa Rica,CR,CRI,188,10.0,-84.0,2007,Costa Rica,68.72,AVWAGE,TOT,USD,A,12378.14,,HRWKD,TOT,HR_WKD,A,2387.0,
84,Costa Rica,CR,CRI,188,10.0,-84.0,2008,Costa Rica,68.88,AVWAGE,TOT,USD,A,14052.17,,HRWKD,TOT,HR_WKD,A,2392.0,
85,Costa Rica,CR,CRI,188,10.0,-84.0,2009,Costa Rica,69.04,AVWAGE,TOT,USD,A,16404.81,,HRWKD,TOT,HR_WKD,A,2348.0,
86,Costa Rica,CR,CRI,188,10.0,-84.0,2010,Costa Rica,69.2,AVWAGE,TOT,USD,A,17665.79,,HRWKD,TOT,HR_WKD,A,2243.1,
87,Costa Rica,CR,CRI,188,10.0,-84.0,2011,Costa Rica,69.36,AVWAGE,TOT,USD,A,18955.02,,HRWKD,TOT,HR_WKD,A,2285.3,
88,Costa Rica,CR,CRI,188,10.0,-84.0,2012,Costa Rica,69.52,AVWAGE,TOT,USD,A,19540.81,,HRWKD,TOT,HR_WKD,A,2233.4,
89,Costa Rica,CR,CRI,188,10.0,-84.0,2013,Costa Rica,69.68,AVWAGE,TOT,USD,A,21696.29,,HRWKD,TOT,HR_WKD,A,2140.6,
90,Costa Rica,CR,CRI,188,10.0,-84.0,2014,Costa Rica,69.84,AVWAGE,TOT,USD,A,22743.08,,HRWKD,TOT,HR_WKD,A,2121.7,
91,Costa Rica,CR,CRI,188,10.0,-84.0,2015,Costa Rica,70.0,AVWAGE,TOT,USD,A,24448.59,,HRWKD,TOT,HR_WKD,A,2148.2,
92,Costa Rica,CR,CRI,188,10.0,-84.0,2016,Costa Rica,70.0,AVWAGE,TOT,USD,A,25689.46,,HRWKD,TOT,HR_WKD,A,2204.7,
93,Costa Rica,CR,CRI,188,10.0,-84.0,2017,Costa Rica,70.0,AVWAGE,TOT,USD,A,25839.5,,HRWKD,TOT,HR_WKD,A,2178.9,
94,Costa Rica,CR,CRI,188,10.0,-84.0,2018,Costa Rica,70.0,AVWAGE,TOT,USD,A,26764.21,,HRWKD,TOT,HR_WKD,A,2121.0,
95,Costa Rica,CR,CRI,188,10.0,-84.0,2019,Costa Rica,70.0,AVWAGE,TOT,USD,A,27875.2,,HRWKD,TOT,HR_WKD,A,2059.6,
96,Costa Rica,CR,CRI,188,10.0,-84.0,2020,Costa Rica,70.0,AVWAGE,TOT,USD,A,30658.3,,HRWKD,TOT,HR_WKD,A,1913.2,
97,Costa Rica,CR,CRI,188,10.0,-84.0,2021,Costa Rica,70.0,AVWAGE,TOT,USD,A,30499.41,,HRWKD,TOT,HR_WKD,A,2073.3,
98,Czech Republic,CZ,CZE,203,49.75,15.5,2005,Czechia,67.1,AVWAGE,TOT,USD,A,25914.07,,HRWKD,TOT,HR_WKD,A,1802.926,
99,Czech Republic,CZ,CZE,203,49.75,15.5,2007,Czechia,67.34,AVWAGE,TOT,USD,A,27757.0,,HRWKD,TOT,HR_WKD,A,1775.017,
100,Czech Republic,CZ,CZE,203,49.75,15.5,2010,Czechia,67.7,AVWAGE,TOT,USD,A,28648.0,,HRWKD,TOT,HR_WKD,A,1799.1,
101,Czech Republic,CZ,CZE,203,49.75,15.5,2011,Czechia,67.82,AVWAGE,TOT,USD,A,28881.64,,HRWKD,TOT,HR_WKD,A,1805.473,
102,Czech Republic,CZ,CZE,203,49.75,15.5,2012,Czechia,67.94,AVWAGE,TOT,USD,A,28934.46,,HRWKD,TOT,HR_WKD,A,1776.448,
103,Czech Republic,CZ,CZE,203,49.75,15.5,2013,Czechia,68.06,AVWAGE,TOT,USD,A,28754.0,,HRWKD,TOT,HR_WKD,A,1764.302,
104,Czech Republic,CZ,CZE,203,49.75,15.5,2014,Czechia,68.18,AVWAGE,TOT,USD,A,29360.49,,HRWKD,TOT,HR_WKD,A,1773.812,
105,Czech Republic,CZ,CZE,203,49.75,15.5,2015,Czechia,68.3,AVWAGE,TOT,USD,A,30224.0,,HRWKD,TOT,HR_WKD,A,1751.474,
106,Czech Republic,CZ,CZE,203,49.75,15.5,2016,Czechia,68.425,AVWAGE,TOT,USD,A,31291.43,,HRWKD,TOT,HR_WKD,A,1774.046,
107,Czech Republic,CZ,CZE,203,49.75,15.5,2017,Czechia,68.55,AVWAGE,TOT,USD,A,32890.57,,HRWKD,TOT,HR_WKD,A,1776.448,
108,Czech Republic,CZ,CZE,203,49.75,15.5,2018,Czechia,68.675,AVWAGE,TOT,USD,A,34632.6,,HRWKD,TOT,HR_WKD,A,1784.666,
109,Czech Republic,CZ,CZE,203,49.75,15.5,2020,Czechia,68.925,AVWAGE,TOT,USD,A,35552.0,,HRWKD,TOT,HR_WKD,A,1703.597,
110,Czechia,CZ,CZE,203,49.75,15.5,2021,Czechia,69.05,AVWAGE,TOT,USD,A,36269.71,,HRWKD,TOT,HR_WKD,A,1752.821,
111,Denmark,DK,DNK,208,56.0,10.0,2005,Denmark,68.3,AVWAGE,TOT,USD,A,57030.24,,HRWKD,TOT,HR_WKD,A,1451.362,
112,Denmark,DK,DNK,208,56.0,10.0,2007,Denmark,68.74,AVWAGE,TOT,USD,A,58638.0,,HRWKD,TOT,HR_WKD,A,1432.77,
113,Denmark,DK,DNK,208,56.0,10.0,2008,Denmark,68.96,AVWAGE,TOT,USD,A,59414.0,,HRWKD,TOT,HR_WKD,A,1430.055,
114,Denmark,DK,DNK,208,56.0,10.0,2009,Denmark,69.18,AVWAGE,TOT,USD,A,60853.0,,HRWKD,TOT,HR_WKD,A,1417.03,
115,Denmark,DK,DNK,208,56.0,10.0,2010,Denmark,69.4,AVWAGE,TOT,USD,A,61537.0,,HRWKD,TOT,HR_WKD,A,1422.308,
116,Denmark,DK,DNK,208,56.0,10.0,2011,Denmark,69.62,AVWAGE,TOT,USD,A,61213.0,,HRWKD,TOT,HR_WKD,A,1436.981,
117,Denmark,DK,DNK,208,56.0,10.0,2012,Denmark,69.84,AVWAGE,TOT,USD,A,61121.0,,HRWKD,TOT,HR_WKD,A,1423.346,
118,Denmark,DK,DNK,208,56.0,10.0,2013,Denmark,70.06,AVWAGE,TOT,USD,A,61548.0,,HRWKD,TOT,HR_WKD,A,1425.634,
119,Denmark,DK,DNK,208,56.0,10.0,2014,Denmark,70.28,AVWAGE,TOT,USD,A,62723.0,,HRWKD,TOT,HR_WKD,A,1413.807,
120,Denmark,DK,DNK,208,56.0,10.0,2015,Denmark,70.5,AVWAGE,TOT,USD,A,63828.0,,HRWKD,TOT,HR_WKD,A,1407.149,
121,Denmark,DK,DNK,208,56.0,10.0,2016,Denmark,70.625,AVWAGE,TOT,USD,A,63894.0,,HRWKD,TOT,HR_WKD,A,1412.045,
122,Denmark,DK,DNK,208,56.0,10.0,2017,Denmark,70.75,AVWAGE,TOT,USD,A,64281.0,,HRWKD,TOT,HR_WKD,A,1404.204,
123,Denmark,DK,DNK,208,56.0,10.0,2018,Denmark,70.875,AVWAGE,TOT,USD,A,64765.0,,HRWKD,TOT,HR_WKD,A,1381.289,
124,Denmark,DK,DNK,208,56.0,10.0,2019,Denmark,71.0,AVWAGE,TOT,USD,A,65222.0,,HRWKD,TOT,HR_WKD,A,1371.499,
125,Denmark,DK,DNK,208,56.0,10.0,2020,Denmark,71.125,AVWAGE,TOT,USD,A,66203.0,,HRWKD,TOT,HR_WKD,A,1342.327,
126,Denmark,DK,DNK,208,56.0,10.0,2021,Denmark,71.25,AVWAGE,TOT,USD,A,66503.05,,HRWKD,TOT,HR_WKD,A,1363.431,
127,Estonia,EE,EST,233,59.0,26.0,2006,Estonia,65.78,AVWAGE,TOT,USD,A,21504.0,,HRWKD,TOT,HR_WKD,A,1906.0,
128,Estonia,EE,EST,233,59.0,26.0,2007,Estonia,66.06,AVWAGE,TOT,USD,A,25012.0,,HRWKD,TOT,HR_WKD,A,1903.0,
129,Estonia,EE,EST,233,59.0,26.0,2008,Estonia,66.34,AVWAGE,TOT,USD,A,25382.4,,HRWKD,TOT,HR_WKD,A,1874.0,
130,Estonia,EE,EST,233,59.0,26.0,2009,Estonia,66.62,AVWAGE,TOT,USD,A,24704.34,,HRWKD,TOT,HR_WKD,A,1745.0,
131,Estonia,EE,EST,233,59.0,26.0,2011,Estonia,67.18,AVWAGE,TOT,USD,A,23907.26,,HRWKD,TOT,HR_WKD,A,1827.0,
132,Estonia,EE,EST,233,59.0,26.0,2012,Estonia,67.46,AVWAGE,TOT,USD,A,24256.0,,HRWKD,TOT,HR_WKD,A,1796.0,
133,Estonia,EE,EST,233,59.0,26.0,2013,Estonia,67.74,AVWAGE,TOT,USD,A,24858.68,,HRWKD,TOT,HR_WKD,A,1777.0,
134,Estonia,EE,EST,233,59.0,26.0,2014,Estonia,68.02,AVWAGE,TOT,USD,A,26232.47,,HRWKD,TOT,HR_WKD,A,1771.0,
135,Estonia,EE,EST,233,59.0,26.0,2015,Estonia,68.3,AVWAGE,TOT,USD,A,27434.0,,HRWKD,TOT,HR_WKD,A,1763.0,
136,Estonia,EE,EST,233,59.0,26.0,2016,Estonia,68.525,AVWAGE,TOT,USD,A,28837.0,,HRWKD,TOT,HR_WKD,A,1767.0,
137,Estonia,EE,EST,233,59.0,26.0,2017,Estonia,68.75,AVWAGE,TOT,USD,A,29499.52,,HRWKD,TOT,HR_WKD,A,1768.0,
138,Estonia,EE,EST,233,59.0,26.0,2018,Estonia,68.975,AVWAGE,TOT,USD,A,31391.0,,HRWKD,TOT,HR_WKD,A,1707.193,
139,Estonia,EE,EST,233,59.0,26.0,2019,Estonia,69.2,AVWAGE,TOT,USD,A,33006.0,,HRWKD,TOT,HR_WKD,A,1694.396,
140,Estonia,EE,EST,233,59.0,26.0,2020,Estonia,69.425,AVWAGE,TOT,USD,A,35128.0,,HRWKD,TOT,HR_WKD,A,1637.156,
141,Estonia,EE,EST,233,59.0,26.0,2021,Estonia,69.65,AVWAGE,TOT,USD,A,37317.82,,HRWKD,TOT,HR_WKD,A,1767.056,
142,Finland,FI,FIN,246,64.0,26.0,2006,Finland,68.72,AVWAGE,TOT,USD,A,47757.0,,HRWKD,TOT,HR_WKD,A,1608.0,
143,Finland,FI,FIN,246,64.0,26.0,2008,Finland,69.16,AVWAGE,TOT,USD,A,48809.0,,HRWKD,TOT,HR_WKD,A,1601.0,
144,Finland,FI,FIN,246,64.0,26.0,2010,Finland,69.6,AVWAGE,TOT,USD,A,49911.0,,HRWKD,TOT,HR_WKD,A,1585.0,
145,Finland,FI,FIN,246,64.0,26.0,2011,Finland,69.82,AVWAGE,TOT,USD,A,49925.0,,HRWKD,TOT,HR_WKD,A,1578.0,
146,Finland,FI,FIN,246,64.0,26.0,2012,Finland,70.04,AVWAGE,TOT,USD,A,49965.0,,HRWKD,TOT,HR_WKD,A,1568.0,
147,Finland,FI,FIN,246,64.0,26.0,2013,Finland,70.26,AVWAGE,TOT,USD,A,49465.0,,HRWKD,TOT,HR_WKD,A,1560.0,
148,Finland,FI,FIN,246,64.0,26.0,2014,Finland,70.48,AVWAGE,TOT,USD,A,49449.0,,HRWKD,TOT,HR_WKD,A,1558.0,
149,Finland,FI,FIN,246,64.0,26.0,2015,Finland,70.7,AVWAGE,TOT,USD,A,49836.0,,HRWKD,TOT,HR_WKD,A,1555.0,
150,Finland,FI,FIN,246,64.0,26.0,2016,Finland,70.775,AVWAGE,TOT,USD,A,50274.0,,HRWKD,TOT,HR_WKD,A,1555.0,
151,Finland,FI,FIN,246,64.0,26.0,2017,Finland,70.85,AVWAGE,TOT,USD,A,49985.0,,HRWKD,TOT,HR_WKD,A,1548.88,
152,Finland,FI,FIN,246,64.0,26.0,2018,Finland,70.925,AVWAGE,TOT,USD,A,50354.0,,HRWKD,TOT,HR_WKD,A,1546.373,
153,Finland,FI,FIN,246,64.0,26.0,2019,Finland,71.0,AVWAGE,TOT,USD,A,50873.0,,HRWKD,TOT,HR_WKD,A,1538.371,
154,Finland,FI,FIN,246,64.0,26.0,2020,Finland,71.075,AVWAGE,TOT,USD,A,51092.0,,HRWKD,TOT,HR_WKD,A,1528.79,
155,Finland,FI,FIN,246,64.0,26.0,2021,Finland,71.15,AVWAGE,TOT,USD,A,52785.32,,HRWKD,TOT,HR_WKD,A,1518.267,
156,France,FR,FRA,250,46.0,2.0,2005,France,70.7,AVWAGE,TOT,USD,A,46823.79,,HRWKD,TOT,HR_WKD,A,1532.0,
157,France,FR,FRA,250,46.0,2.0,2006,France,70.8,AVWAGE,TOT,USD,A,47347.0,,HRWKD,TOT,HR_WKD,A,1515.011,
158,France,FR,FRA,250,46.0,2.0,2008,France,71.0,AVWAGE,TOT,USD,A,47429.0,,HRWKD,TOT,HR_WKD,A,1543.0,
159,France,FR,FRA,250,46.0,2.0,2009,France,71.1,AVWAGE,TOT,USD,A,48938.0,,HRWKD,TOT,HR_WKD,A,1531.0,
160,France,FR,FRA,250,46.0,2.0,2010,France,71.2,AVWAGE,TOT,USD,A,49926.0,,HRWKD,TOT,HR_WKD,A,1540.0,
161,France,FR,FRA,250,46.0,2.0,2011,France,71.3,AVWAGE,TOT,USD,A,49836.0,,HRWKD,TOT,HR_WKD,A,1546.0,
162,France,FR,FRA,250,46.0,2.0,2012,France,71.4,AVWAGE,TOT,USD,A,50159.0,,HRWKD,TOT,HR_WKD,A,1541.0,
163,France,FR,FRA,250,46.0,2.0,2013,France,71.5,AVWAGE,TOT,USD,A,50581.0,,HRWKD,TOT,HR_WKD,A,1526.0,
164,France,FR,FRA,250,46.0,2.0,2014,France,71.6,AVWAGE,TOT,USD,A,50929.0,,HRWKD,TOT,HR_WKD,A,1518.0,
165,France,FR,FRA,250,46.0,2.0,2015,France,71.7,AVWAGE,TOT,USD,A,51415.0,,HRWKD,TOT,HR_WKD,A,1519.484,
166,France,FR,FRA,250,46.0,2.0,2016,France,71.8,AVWAGE,TOT,USD,A,52010.0,,HRWKD,TOT,HR_WKD,A,1522.069,
167,France,FR,FRA,250,46.0,2.0,2017,France,71.9,AVWAGE,TOT,USD,A,52732.0,,HRWKD,TOT,HR_WKD,A,1507.605,
168,France,FR,FRA,250,46.0,2.0,2018,France,72.0,AVWAGE,TOT,USD,A,52664.0,,HRWKD,TOT,HR_WKD,A,1514.41,
169,France,FR,FRA,250,46.0,2.0,2019,France,72.1,AVWAGE,TOT,USD,A,53172.0,,HRWKD,TOT,HR_WKD,A,1518.157,
170,France,FR,FRA,250,46.0,2.0,2020,France,72.2,AVWAGE,TOT,USD,A,50550.0,,HRWKD,TOT,HR_WKD,A,1407.258,
171,France,FR,FRA,250,46.0,2.0,2021,France,72.3,AVWAGE,TOT,USD,A,52542.19,,HRWKD,TOT,HR_WKD,A,1490.332,
172,Germany,DE,DEU,276,51.0,9.0,2005,Germany,69.9,AVWAGE,TOT,USD,A,52377.65,,HRWKD,TOT,HR_WKD,A,1432.4,
173,Germany,DE,DEU,276,51.0,9.0,2007,Germany,69.94,AVWAGE,TOT,USD,A,52208.0,,HRWKD,TOT,HR_WKD,A,1454.099,
174,Germany,DE,DEU,276,51.0,9.0,2008,Germany,69.96,AVWAGE,TOT,USD,A,52442.0,,HRWKD,TOT,HR_WKD,A,1447.3,
175,Germany,DE,DEU,276,51.0,9.0,2009,Germany,69.98,AVWAGE,TOT,USD,A,52453.0,,HRWKD,TOT,HR_WKD,A,1405.0,
176,Germany,DE,DEU,276,51.0,9.0,2010,Germany,70.0,AVWAGE,TOT,USD,A,52912.0,,HRWKD,TOT,HR_WKD,A,1425.7,
177,Germany,DE,DEU,276,51.0,9.0,2011,Germany,70.02,AVWAGE,TOT,USD,A,53980.0,,HRWKD,TOT,HR_WKD,A,1426.901,
178,Germany,DE,DEU,276,51.0,9.0,2012,Germany,70.04,AVWAGE,TOT,USD,A,54699.0,,HRWKD,TOT,HR_WKD,A,1407.988,
179,Germany,DE,DEU,276,51.0,9.0,2013,Germany,70.06,AVWAGE,TOT,USD,A,55215.0,,HRWKD,TOT,HR_WKD,A,1396.5,
180,Germany,DE,DEU,276,51.0,9.0,2014,Germany,70.08,AVWAGE,TOT,USD,A,56141.0,,HRWKD,TOT,HR_WKD,A,1400.413,
181,Germany,DE,DEU,276,51.0,9.0,2015,Germany,70.1,AVWAGE,TOT,USD,A,57431.0,,HRWKD,TOT,HR_WKD,A,1401.0,
182,Germany,DE,DEU,276,51.0,9.0,2016,Germany,70.3,AVWAGE,TOT,USD,A,58311.0,,HRWKD,TOT,HR_WKD,A,1395.597,
183,Germany,DE,DEU,276,51.0,9.0,2017,Germany,70.5,AVWAGE,TOT,USD,A,58924.0,,HRWKD,TOT,HR_WKD,A,1389.1,
184,Germany,DE,DEU,276,51.0,9.0,2018,Germany,70.7,AVWAGE,TOT,USD,A,59750.0,,HRWKD,TOT,HR_WKD,A,1384.7,
185,Germany,DE,DEU,276,51.0,9.0,2019,Germany,70.9,AVWAGE,TOT,USD,A,60732.0,,HRWKD,TOT,HR_WKD,A,1381.5,
186,Germany,DE,DEU,276,51.0,9.0,2020,Germany,71.1,AVWAGE,TOT,USD,A,60309.0,,HRWKD,TOT,HR_WKD,A,1324.2,
187,Germany,DE,DEU,276,51.0,9.0,2021,Germany,71.3,AVWAGE,TOT,USD,A,60291.24,,HRWKD,TOT,HR_WKD,A,1349.3,
188,Greece,GR,GRC,300,39.0,22.0,2005,Greece,69.6,AVWAGE,TOT,USD,A,35603.32,,HRWKD,TOT,HR_WKD,A,2025.024,
189,Greece,GR,GRC,300,39.0,22.0,2007,Greece,69.76,AVWAGE,TOT,USD,A,36033.46,,HRWKD,TOT,HR_WKD,A,2001.089,
190,Greece,GR,GRC,300,39.0,22.0,2009,Greece,69.92,AVWAGE,TOT,USD,A,37151.0,,HRWKD,TOT,HR_WKD,A,1972.86,
191,Greece,GR,GRC,300,39.0,22.0,2010,Greece,70.0,AVWAGE,TOT,USD,A,35454.0,,HRWKD,TOT,HR_WKD,A,1931.08,
192,Greece,GR,GRC,300,39.0,22.0,2011,Greece,70.08,AVWAGE,TOT,USD,A,33205.0,,HRWKD,TOT,HR_WKD,A,1950.221,
193,Greece,GR,GRC,300,39.0,22.0,2012,Greece,70.16,AVWAGE,TOT,USD,A,31272.46,,HRWKD,TOT,HR_WKD,A,1989.931,
194,Greece,GR,GRC,300,39.0,22.0,2013,Greece,70.24,AVWAGE,TOT,USD,A,29229.0,,HRWKD,TOT,HR_WKD,A,1996.606,
195,Greece,GR,GRC,300,39.0,22.0,2014,Greece,70.32,AVWAGE,TOT,USD,A,29108.47,,HRWKD,TOT,HR_WKD,A,1949.334,
196,Greece,GR,GRC,300,39.0,22.0,2015,Greece,70.4,AVWAGE,TOT,USD,A,29394.43,,HRWKD,TOT,HR_WKD,A,1934.987,
197,Greece,GR,GRC,300,39.0,22.0,2016,Greece,70.525,AVWAGE,TOT,USD,A,28720.0,,HRWKD,TOT,HR_WKD,A,1942.727,
198,Greece,GR,GRC,300,39.0,22.0,2017,Greece,70.65,AVWAGE,TOT,USD,A,28903.0,,HRWKD,TOT,HR_WKD,A,1946.941,
199,Greece,GR,GRC,300,39.0,22.0,2018,Greece,70.775,AVWAGE,TOT,USD,A,27569.0,,HRWKD,TOT,HR_WKD,A,1961.081,
200,Greece,GR,GRC,300,39.0,22.0,2019,Greece,70.9,AVWAGE,TOT,USD,A,27615.33,,HRWKD,TOT,HR_WKD,A,1916.66,
201,Greece,GR,GRC,300,39.0,22.0,2020,Greece,71.025,AVWAGE,TOT,USD,A,27747.0,,HRWKD,TOT,HR_WKD,A,1730.738,
202,Greece,GR,GRC,300,39.0,22.0,2021,Greece,71.15,AVWAGE,TOT,USD,A,27659.57,,HRWKD,TOT,HR_WKD,A,1872.237,
203,Hungary,HU,HUN,348,47.0,20.0,2005,Hungary,65.0,AVWAGE,TOT,USD,A,24491.94,,HRWKD,TOT,HR_WKD,A,1834.1,
204,Hungary,HU,HUN,348,47.0,20.0,2007,Hungary,65.32,AVWAGE,TOT,USD,A,24783.0,,HRWKD,TOT,HR_WKD,A,1787.8,
205,Hungary,HU,HUN,348,47.0,20.0,2009,Hungary,65.64,AVWAGE,TOT,USD,A,23692.0,,HRWKD,TOT,HR_WKD,A,1758.2,
206,Hungary,HU,HUN,348,47.0,20.0,2010,Hungary,65.8,AVWAGE,TOT,USD,A,24005.0,,HRWKD,TOT,HR_WKD,A,1766.4,
207,Hungary,HU,HUN,348,47.0,20.0,2011,Hungary,65.96,AVWAGE,TOT,USD,A,24316.0,,HRWKD,TOT,HR_WKD,A,1753.7,
208,Hungary,HU,HUN,348,47.0,20.0,2012,Hungary,66.12,AVWAGE,TOT,USD,A,23506.0,,HRWKD,TOT,HR_WKD,A,1738.3,
209,Hungary,HU,HUN,348,47.0,20.0,2013,Hungary,66.28,AVWAGE,TOT,USD,A,23266.38,,HRWKD,TOT,HR_WKD,A,1733.6,
210,Hungary,HU,HUN,348,47.0,20.0,2014,Hungary,66.44,AVWAGE,TOT,USD,A,22961.47,,HRWKD,TOT,HR_WKD,A,1748.6,
211,Hungary,HU,HUN,348,47.0,20.0,2015,Hungary,66.6,AVWAGE,TOT,USD,A,23139.58,,HRWKD,TOT,HR_WKD,A,1745.9,
212,Hungary,HU,HUN,348,47.0,20.0,2016,Hungary,66.75,AVWAGE,TOT,USD,A,23349.37,,HRWKD,TOT,HR_WKD,A,1760.2,
213,Hungary,HU,HUN,348,47.0,20.0,2017,Hungary,66.9,AVWAGE,TOT,USD,A,25038.0,,HRWKD,TOT,HR_WKD,A,1747.4,
214,Hungary,HU,HUN,348,47.0,20.0,2018,Hungary,67.05,AVWAGE,TOT,USD,A,26264.72,,HRWKD,TOT,HR_WKD,A,1729.9,
215,Hungary,HU,HUN,348,47.0,20.0,2019,Hungary,67.2,AVWAGE,TOT,USD,A,27140.4,,HRWKD,TOT,HR_WKD,A,1722.2,
216,Hungary,HU,HUN,348,47.0,20.0,2020,Hungary,67.35,AVWAGE,TOT,USD,A,27588.0,,HRWKD,TOT,HR_WKD,A,1657.1,
217,Hungary,HU,HUN,348,47.0,20.0,2021,Hungary,67.5,AVWAGE,TOT,USD,A,28462.42,,HRWKD,TOT,HR_WKD,A,1697.1,
218,Iceland,IS,ISL,352,65.0,-18.0,2008,Iceland,71.2,AVWAGE,TOT,USD,A,62292.0,,HRWKD,TOT,HR_WKD,A,1625.204,
219,Iceland,IS,ISL,352,65.0,-18.0,2012,Iceland,71.6,AVWAGE,TOT,USD,A,56277.0,,HRWKD,TOT,HR_WKD,A,1523.065,
220,Iceland,IS,ISL,352,65.0,-18.0,2013,Iceland,71.7,AVWAGE,TOT,USD,A,57135.0,,HRWKD,TOT,HR_WKD,A,1524.133,
221,Iceland,IS,ISL,352,65.0,-18.0,2015,Iceland,71.9,AVWAGE,TOT,USD,A,61777.0,,HRWKD,TOT,HR_WKD,A,1511.402,
222,Iceland,IS,ISL,352,65.0,-18.0,2016,Iceland,71.925,AVWAGE,TOT,USD,A,68732.0,,HRWKD,TOT,HR_WKD,A,1519.995,
223,Iceland,IS,ISL,352,65.0,-18.0,2017,Iceland,71.95,AVWAGE,TOT,USD,A,75287.0,,HRWKD,TOT,HR_WKD,A,1507.077,
224,Iceland,IS,ISL,352,65.0,-18.0,2019,Iceland,72.0,AVWAGE,TOT,USD,A,76444.0,,HRWKD,TOT,HR_WKD,A,1480.148,
225,Iceland,IS,ISL,352,65.0,-18.0,2020,Iceland,72.025,AVWAGE,TOT,USD,A,71687.0,,HRWKD,TOT,HR_WKD,A,1446.24,
226,Iceland,IS,ISL,352,65.0,-18.0,2021,Iceland,72.05,AVWAGE,TOT,USD,A,74654.52,,HRWKD,TOT,HR_WKD,A,1433.41,
227,Ireland,IE,IRL,372,53.0,-8.0,2006,Ireland,69.62,AVWAGE,TOT,USD,A,44703.0,,HRWKD,TOT,HR_WKD,A,1879.0,
228,Ireland,IE,IRL,372,53.0,-8.0,2008,Ireland,69.86,AVWAGE,TOT,USD,A,48089.5,,HRWKD,TOT,HR_WKD,A,1844.0,
229,Ireland,IE,IRL,372,53.0,-8.0,2009,Ireland,69.98,AVWAGE,TOT,USD,A,52639.0,,HRWKD,TOT,HR_WKD,A,1812.0,
230,Ireland,IE,IRL,372,53.0,-8.0,2010,Ireland,70.1,AVWAGE,TOT,USD,A,52793.0,,HRWKD,TOT,HR_WKD,A,1721.0,
231,Ireland,IE,IRL,372,53.0,-8.0,2011,Ireland,70.22,AVWAGE,TOT,USD,A,52035.0,,HRWKD,TOT,HR_WKD,A,1737.0,
232,Ireland,IE,IRL,372,53.0,-8.0,2012,Ireland,70.34,AVWAGE,TOT,USD,A,51578.0,,HRWKD,TOT,HR_WKD,A,1738.0,
233,Ireland,IE,IRL,372,53.0,-8.0,2013,Ireland,70.46,AVWAGE,TOT,USD,A,50323.0,,HRWKD,TOT,HR_WKD,A,1743.0,
234,Ireland,IE,IRL,372,53.0,-8.0,2014,Ireland,70.58,AVWAGE,TOT,USD,A,50080.0,,HRWKD,TOT,HR_WKD,A,1757.0,
235,Ireland,IE,IRL,372,53.0,-8.0,2015,Ireland,70.7,AVWAGE,TOT,USD,A,50079.0,,HRWKD,TOT,HR_WKD,A,1771.0,
236,Ireland,IE,IRL,372,53.0,-8.0,2016,Ireland,70.8,AVWAGE,TOT,USD,A,50593.0,,HRWKD,TOT,HR_WKD,A,1763.0,
237,Ireland,IE,IRL,372,53.0,-8.0,2017,Ireland,70.9,AVWAGE,TOT,USD,A,51180.0,,HRWKD,TOT,HR_WKD,A,1775.0,
238,Ireland,IE,IRL,372,53.0,-8.0,2018,Ireland,71.0,AVWAGE,TOT,USD,A,51852.0,,HRWKD,TOT,HR_WKD,A,1782.0,
239,Ireland,IE,IRL,372,53.0,-8.0,2019,Ireland,71.1,AVWAGE,TOT,USD,A,52648.0,,HRWKD,TOT,HR_WKD,A,1771.0,
240,Ireland,IE,IRL,372,53.0,-8.0,2020,Ireland,71.2,AVWAGE,TOT,USD,A,53651.0,,HRWKD,TOT,HR_WKD,A,1746.0,
241,Ireland,IE,IRL,372,53.0,-8.0,2021,Ireland,71.3,AVWAGE,TOT,USD,A,53209.48,,HRWKD,TOT,HR_WKD,A,1775.0,
242,Israel,IL,ISR,376,31.5,34.75,2006,Israel,71.08,AVWAGE,TOT,USD,A,36161.0,,HRWKD,TOT,HR_WKD,A,1955.0,
243,Israel,IL,ISR,376,31.5,34.75,2007,Israel,71.16,AVWAGE,TOT,USD,A,36502.0,,HRWKD,TOT,HR_WKD,A,1966.5,
244,Israel,IL,ISR,376,31.5,34.75,2008,Israel,71.24,AVWAGE,TOT,USD,A,35979.0,,HRWKD,TOT,HR_WKD,A,1963.3,
245,Israel,IL,ISR,376,31.5,34.75,2009,Israel,71.32,AVWAGE,TOT,USD,A,34890.0,,HRWKD,TOT,HR_WKD,A,1962.5,
246,Israel,IL,ISR,376,31.5,34.75,2010,Israel,71.4,AVWAGE,TOT,USD,A,34993.0,,HRWKD,TOT,HR_WKD,A,1956.5,
247,Israel,IL,ISR,376,31.5,34.75,2011,Israel,71.48,AVWAGE,TOT,USD,A,35189.5,,HRWKD,TOT,HR_WKD,A,1947.2,
248,Israel,IL,ISR,376,31.5,34.75,2012,Israel,71.56,AVWAGE,TOT,USD,A,35792.0,,HRWKD,TOT,HR_WKD,A,1918.8,
249,Israel,IL,ISR,376,31.5,34.75,2013,Israel,71.64,AVWAGE,TOT,USD,A,35900.0,,HRWKD,TOT,HR_WKD,A,1908.2,
250,Israel,IL,ISR,376,31.5,34.75,2014,Israel,71.72,AVWAGE,TOT,USD,A,36112.43,,HRWKD,TOT,HR_WKD,A,1894.5,
251,Israel,IL,ISR,376,31.5,34.75,2015,Israel,71.8,AVWAGE,TOT,USD,A,37213.0,,HRWKD,TOT,HR_WKD,A,1895.4,
252,Israel,IL,ISR,376,31.5,34.75,2016,Israel,71.95,AVWAGE,TOT,USD,A,38697.55,,HRWKD,TOT,HR_WKD,A,1922.1,
253,Israel,IL,ISR,376,31.5,34.75,2017,Israel,72.1,AVWAGE,TOT,USD,A,39898.0,,HRWKD,TOT,HR_WKD,A,1918.0,
254,Israel,IL,ISR,376,31.5,34.75,2018,Israel,72.25,AVWAGE,TOT,USD,A,41059.0,,HRWKD,TOT,HR_WKD,A,1910.1,
255,Israel,IL,ISR,376,31.5,34.75,2019,Israel,72.4,AVWAGE,TOT,USD,A,41964.5,,HRWKD,TOT,HR_WKD,A,1898.1,
256,Israel,IL,ISR,376,31.5,34.75,2020,Israel,72.55,AVWAGE,TOT,USD,A,42130.0,,HRWKD,TOT,HR_WKD,A,1782.5,
257,Israel,IL,ISR,376,31.5,34.75,2021,Israel,72.7,AVWAGE,TOT,USD,A,44338.87,,HRWKD,TOT,HR_WKD,A,1752.8,
258,Italy,IT,ITA,380,42.8333,12.8333,2005,Italy,70.6,AVWAGE,TOT,USD,A,46654.25,,HRWKD,TOT,HR_WKD,A,1811.102,
259,Italy,IT,ITA,380,42.8333,12.8333,2007,Italy,70.8,AVWAGE,TOT,USD,A,46928.0,,HRWKD,TOT,HR_WKD,A,1817.707,
260,Italy,IT,ITA,380,42.8333,12.8333,2008,Italy,70.9,AVWAGE,TOT,USD,A,46864.48,,HRWKD,TOT,HR_WKD,A,1806.5,
261,Italy,IT,ITA,380,42.8333,12.8333,2009,Italy,71.0,AVWAGE,TOT,USD,A,47224.0,,HRWKD,TOT,HR_WKD,A,1775.2,
262,Italy,IT,ITA,380,42.8333,12.8333,2010,Italy,71.1,AVWAGE,TOT,USD,A,47629.0,,HRWKD,TOT,HR_WKD,A,1776.8,
263,Italy,IT,ITA,380,42.8333,12.8333,2011,Italy,71.2,AVWAGE,TOT,USD,A,46866.0,,HRWKD,TOT,HR_WKD,A,1772.6,
264,Italy,IT,ITA,380,42.8333,12.8333,2012,Italy,71.3,AVWAGE,TOT,USD,A,45379.0,,HRWKD,TOT,HR_WKD,A,1733.6,
265,Italy,IT,ITA,380,42.8333,12.8333,2013,Italy,71.4,AVWAGE,TOT,USD,A,45527.0,,HRWKD,TOT,HR_WKD,A,1719.09,
266,Italy,IT,ITA,380,42.8333,12.8333,2014,Italy,71.5,AVWAGE,TOT,USD,A,45703.51,,HRWKD,TOT,HR_WKD,A,1716.3,
267,Italy,IT,ITA,380,42.8333,12.8333,2015,Italy,71.6,AVWAGE,TOT,USD,A,46103.0,,HRWKD,TOT,HR_WKD,A,1717.5,
268,Italy,IT,ITA,380,42.8333,12.8333,2016,Italy,71.675,AVWAGE,TOT,USD,A,46468.52,,HRWKD,TOT,HR_WKD,A,1721.698,
269,Italy,IT,ITA,380,42.8333,12.8333,2017,Italy,71.75,AVWAGE,TOT,USD,A,46169.0,,HRWKD,TOT,HR_WKD,A,1719.2,
270,Italy,IT,ITA,380,42.8333,12.8333,2018,Italy,71.825,AVWAGE,TOT,USD,A,46230.0,,HRWKD,TOT,HR_WKD,A,1719.4,
271,Italy,IT,ITA,380,42.8333,12.8333,2019,Italy,71.9,AVWAGE,TOT,USD,A,46460.0,,HRWKD,TOT,HR_WKD,A,1710.2,
272,Italy,IT,ITA,380,42.8333,12.8333,2020,Italy,71.975,AVWAGE,TOT,USD,A,44246.0,,HRWKD,TOT,HR_WKD,A,1553.6,
273,Italy,IT,ITA,380,42.8333,12.8333,2021,Italy,72.05,AVWAGE,TOT,USD,A,45960.65,,HRWKD,TOT,HR_WKD,A,1668.5,
274,Japan,JP,JPN,392,36.0,138.0,2005,Japan,72.4,AVWAGE,TOT,USD,A,41936.1,,HRWKD,TOT,HR_WKD,A,1776.512,
275,Japan,JP,JPN,392,36.0,138.0,2007,Japan,72.64,AVWAGE,TOT,USD,A,41799.0,,HRWKD,TOT,HR_WKD,A,1784.75,
276,Japan,JP,JPN,392,36.0,138.0,2008,Japan,72.76,AVWAGE,TOT,USD,A,41463.0,,HRWKD,TOT,HR_WKD,A,1771.352,
277,Japan,JP,JPN,392,36.0,138.0,2009,Japan,72.88,AVWAGE,TOT,USD,A,40869.0,,HRWKD,TOT,HR_WKD,A,1713.518,
278,Japan,JP,JPN,392,36.0,138.0,2010,Japan,73.0,AVWAGE,TOT,USD,A,40999.0,,HRWKD,TOT,HR_WKD,A,1732.911,
279,Japan,JP,JPN,392,36.0,138.0,2011,Japan,73.12,AVWAGE,TOT,USD,A,41656.0,,HRWKD,TOT,HR_WKD,A,1728.186,
280,Japan,JP,JPN,392,36.0,138.0,2012,Japan,73.24,AVWAGE,TOT,USD,A,40963.0,,HRWKD,TOT,HR_WKD,A,1745.088,
281,Japan,JP,JPN,392,36.0,138.0,2013,Japan,73.36,AVWAGE,TOT,USD,A,40995.0,,HRWKD,TOT,HR_WKD,A,1733.594,
282,Japan,JP,JPN,392,36.0,138.0,2014,Japan,73.48,AVWAGE,TOT,USD,A,40257.0,,HRWKD,TOT,HR_WKD,A,1729.33,
283,Japan,JP,JPN,392,36.0,138.0,2015,Japan,73.6,AVWAGE,TOT,USD,A,40062.0,,HRWKD,TOT,HR_WKD,A,1719.294,
284,Japan,JP,JPN,392,36.0,138.0,2016,Japan,73.725,AVWAGE,TOT,USD,A,40609.0,,HRWKD,TOT,HR_WKD,A,1713.544,
285,Japan,JP,JPN,392,36.0,138.0,2017,Japan,73.85,AVWAGE,TOT,USD,A,40710.0,,HRWKD,TOT,HR_WKD,A,1708.58,
286,Japan,JP,JPN,392,36.0,138.0,2018,Japan,73.975,AVWAGE,TOT,USD,A,41172.0,,HRWKD,TOT,HR_WKD,A,1680.167,
287,Japan,JP,JPN,392,36.0,138.0,2019,Japan,74.1,AVWAGE,TOT,USD,A,41699.0,,HRWKD,TOT,HR_WKD,A,1643.819,
288,Japan,JP,JPN,392,36.0,138.0,2020,Japan,74.225,AVWAGE,TOT,USD,A,41442.0,,HRWKD,TOT,HR_WKD,A,1597.981,
289,Japan,JP,JPN,392,36.0,138.0,2021,Japan,74.35,AVWAGE,TOT,USD,A,42041.31,,HRWKD,TOT,HR_WKD,A,1607.0,
290,"Korea, Republic of",KR,KOR,410,37.0,127.5,2008,South Korea,70.46,AVWAGE,TOT,USD,A,38914.39,,HRWKD,TOT,HR_WKD,A,2228.0,
291,South Korea,KR,KOR,410,37.0,127.5,2008,South Korea,70.46,AVWAGE,TOT,USD,A,38914.39,,HRWKD,TOT,HR_WKD,A,2228.0,
292,"Korea, Republic of",KR,KOR,410,37.0,127.5,2009,South Korea,70.68,AVWAGE,TOT,USD,A,39116.0,,HRWKD,TOT,HR_WKD,A,2174.0,
293,South Korea,KR,KOR,410,37.0,127.5,2009,South Korea,70.68,AVWAGE,TOT,USD,A,39116.0,,HRWKD,TOT,HR_WKD,A,2174.0,
294,"Korea, Republic of",KR,KOR,410,37.0,127.5,2010,South Korea,70.9,AVWAGE,TOT,USD,A,39730.45,,HRWKD,TOT,HR_WKD,A,2163.0,
295,South Korea,KR,KOR,410,37.0,127.5,2010,South Korea,70.9,AVWAGE,TOT,USD,A,39730.45,,HRWKD,TOT,HR_WKD,A,2163.0,
296,"Korea, Republic of",KR,KOR,410,37.0,127.5,2011,South Korea,71.12,AVWAGE,TOT,USD,A,40251.55,,HRWKD,TOT,HR_WKD,A,2136.0,
297,South Korea,KR,KOR,410,37.0,127.5,2011,South Korea,71.12,AVWAGE,TOT,USD,A,40251.55,,HRWKD,TOT,HR_WKD,A,2136.0,
298,"Korea, Republic of",KR,KOR,410,37.0,127.5,2012,South Korea,71.34,AVWAGE,TOT,USD,A,39660.0,,HRWKD,TOT,HR_WKD,A,2119.0,
299,South Korea,KR,KOR,410,37.0,127.5,2012,South Korea,71.34,AVWAGE,TOT,USD,A,39660.0,,HRWKD,TOT,HR_WKD,A,2119.0,
300,"Korea, Republic of",KR,KOR,410,37.0,127.5,2013,South Korea,71.56,AVWAGE,TOT,USD,A,40661.0,,HRWKD,TOT,HR_WKD,A,2106.0,
301,South Korea,KR,KOR,410,37.0,127.5,2013,South Korea,71.56,AVWAGE,TOT,USD,A,40661.0,,HRWKD,TOT,HR_WKD,A,2106.0,
302,"Korea, Republic of",KR,KOR,410,37.0,127.5,2014,South Korea,71.78,AVWAGE,TOT,USD,A,40746.0,,HRWKD,TOT,HR_WKD,A,2076.0,
303,South Korea,KR,KOR,410,37.0,127.5,2014,South Korea,71.78,AVWAGE,TOT,USD,A,40746.0,,HRWKD,TOT,HR_WKD,A,2076.0,
304,"Korea, Republic of",KR,KOR,410,37.0,127.5,2015,South Korea,72.0,AVWAGE,TOT,USD,A,41878.0,,HRWKD,TOT,HR_WKD,A,2083.0,
305,South Korea,KR,KOR,410,37.0,127.5,2015,South Korea,72.0,AVWAGE,TOT,USD,A,41878.0,,HRWKD,TOT,HR_WKD,A,2083.0,
306,"Korea, Republic of",KR,KOR,410,37.0,127.5,2016,South Korea,72.275,AVWAGE,TOT,USD,A,43106.0,,HRWKD,TOT,HR_WKD,A,2068.0,
307,South Korea,KR,KOR,410,37.0,127.5,2016,South Korea,72.275,AVWAGE,TOT,USD,A,43106.0,,HRWKD,TOT,HR_WKD,A,2068.0,
308,"Korea, Republic of",KR,KOR,410,37.0,127.5,2017,South Korea,72.55,AVWAGE,TOT,USD,A,44119.0,,HRWKD,TOT,HR_WKD,A,2018.0,
309,South Korea,KR,KOR,410,37.0,127.5,2017,South Korea,72.55,AVWAGE,TOT,USD,A,44119.0,,HRWKD,TOT,HR_WKD,A,2018.0,
310,"Korea, Republic of",KR,KOR,410,37.0,127.5,2018,South Korea,72.825,AVWAGE,TOT,USD,A,45640.0,,HRWKD,TOT,HR_WKD,A,1993.0,
311,South Korea,KR,KOR,410,37.0,127.5,2018,South Korea,72.825,AVWAGE,TOT,USD,A,45640.0,,HRWKD,TOT,HR_WKD,A,1993.0,
312,"Korea, Republic of",KR,KOR,410,37.0,127.5,2019,South Korea,73.1,AVWAGE,TOT,USD,A,47207.0,,HRWKD,TOT,HR_WKD,A,1967.0,
313,South Korea,KR,KOR,410,37.0,127.5,2019,South Korea,73.1,AVWAGE,TOT,USD,A,47207.0,,HRWKD,TOT,HR_WKD,A,1967.0,
314,"Korea, Republic of",KR,KOR,410,37.0,127.5,2020,South Korea,73.375,AVWAGE,TOT,USD,A,48294.0,,HRWKD,TOT,HR_WKD,A,1908.0,
315,South Korea,KR,KOR,410,37.0,127.5,2020,South Korea,73.375,AVWAGE,TOT,USD,A,48294.0,,HRWKD,TOT,HR_WKD,A,1908.0,
316,"Korea, Republic of",KR,KOR,410,37.0,127.5,2021,South Korea,73.65,AVWAGE,TOT,USD,A,49142.98,,HRWKD,TOT,HR_WKD,A,1910.0,
317,South Korea,KR,KOR,410,37.0,127.5,2021,South Korea,73.65,AVWAGE,TOT,USD,A,49142.98,,HRWKD,TOT,HR_WKD,A,1910.0,
318,Latvia,LV,LVA,428,57.0,25.0,2006,Latvia,63.1,AVWAGE,TOT,USD,A,20051.21,,HRWKD,TOT,HR_WKD,A,1829.004,
319,Latvia,LV,LVA,428,57.0,25.0,2007,Latvia,63.4,AVWAGE,TOT,USD,A,24721.0,,HRWKD,TOT,HR_WKD,A,1793.626,
320,Latvia,LV,LVA,428,57.0,25.0,2008,Latvia,63.7,AVWAGE,TOT,USD,A,25508.26,,HRWKD,TOT,HR_WKD,A,1751.084,
321,Latvia,LV,LVA,428,57.0,25.0,2009,Latvia,64.0,AVWAGE,TOT,USD,A,23031.26,,HRWKD,TOT,HR_WKD,A,1707.331,
322,Latvia,LV,LVA,428,57.0,25.0,2011,Latvia,64.6,AVWAGE,TOT,USD,A,21373.0,,HRWKD,TOT,HR_WKD,A,1707.04,
323,Latvia,LV,LVA,428,57.0,25.0,2012,Latvia,64.9,AVWAGE,TOT,USD,A,22240.0,,HRWKD,TOT,HR_WKD,A,1691.635,
324,Latvia,LV,LVA,428,57.0,25.0,2013,Latvia,65.2,AVWAGE,TOT,USD,A,23301.45,,HRWKD,TOT,HR_WKD,A,1685.929,
325,Latvia,LV,LVA,428,57.0,25.0,2014,Latvia,65.5,AVWAGE,TOT,USD,A,24864.0,,HRWKD,TOT,HR_WKD,A,1695.303,
326,Latvia,LV,LVA,428,57.0,25.0,2015,Latvia,65.8,AVWAGE,TOT,USD,A,26944.0,,HRWKD,TOT,HR_WKD,A,1663.181,
327,Latvia,LV,LVA,428,57.0,25.0,2016,Latvia,65.9,AVWAGE,TOT,USD,A,28522.6,,HRWKD,TOT,HR_WKD,A,1663.836,
328,Latvia,LV,LVA,428,57.0,25.0,2017,Latvia,66.0,AVWAGE,TOT,USD,A,29546.0,,HRWKD,TOT,HR_WKD,A,1649.86,
329,Latvia,LV,LVA,428,57.0,25.0,2018,Latvia,66.1,AVWAGE,TOT,USD,A,30640.0,,HRWKD,TOT,HR_WKD,A,1661.309,
330,Latvia,LV,LVA,428,57.0,25.0,2019,Latvia,66.2,AVWAGE,TOT,USD,A,31972.0,,HRWKD,TOT,HR_WKD,A,1631.036,
331,Latvia,LV,LVA,428,57.0,25.0,2020,Latvia,66.3,AVWAGE,TOT,USD,A,33199.0,,HRWKD,TOT,HR_WKD,A,1576.93,
332,Latvia,LV,LVA,428,57.0,25.0,2021,Latvia,66.4,AVWAGE,TOT,USD,A,35923.06,,HRWKD,TOT,HR_WKD,A,1601.203,
333,Lithuania,LT,LTU,440,56.0,24.0,2006,Lithuania,63.5,AVWAGE,TOT,USD,A,29975.0,,HRWKD,TOT,HR_WKD,A,1654.94,
334,Lithuania,LT,LTU,440,56.0,24.0,2007,Lithuania,63.7,AVWAGE,TOT,USD,A,31928.6,,HRWKD,TOT,HR_WKD,A,1681.034,
335,Lithuania,LT,LTU,440,56.0,24.0,2008,Lithuania,63.9,AVWAGE,TOT,USD,A,32512.0,,HRWKD,TOT,HR_WKD,A,1707.35,
336,Lithuania,LT,LTU,440,56.0,24.0,2009,Lithuania,64.1,AVWAGE,TOT,USD,A,28233.0,,HRWKD,TOT,HR_WKD,A,1644.993,
337,Lithuania,LT,LTU,440,56.0,24.0,2010,Lithuania,64.3,AVWAGE,TOT,USD,A,28340.0,,HRWKD,TOT,HR_WKD,A,1696.679,
338,Lithuania,LT,LTU,440,56.0,24.0,2011,Lithuania,64.5,AVWAGE,TOT,USD,A,28918.0,,HRWKD,TOT,HR_WKD,A,1674.217,
339,Lithuania,LT,LTU,440,56.0,24.0,2012,Lithuania,64.7,AVWAGE,TOT,USD,A,29401.0,,HRWKD,TOT,HR_WKD,A,1672.253,
340,Lithuania,LT,LTU,440,56.0,24.0,2013,Lithuania,64.9,AVWAGE,TOT,USD,A,30514.65,,HRWKD,TOT,HR_WKD,A,1657.482,
341,Lithuania,LT,LTU,440,56.0,24.0,2014,Lithuania,65.1,AVWAGE,TOT,USD,A,31902.39,,HRWKD,TOT,HR_WKD,A,1649.89,
342,Lithuania,LT,LTU,440,56.0,24.0,2015,Lithuania,65.3,AVWAGE,TOT,USD,A,33988.65,,HRWKD,TOT,HR_WKD,A,1673.198,
343,Lithuania,LT,LTU,440,56.0,24.0,2016,Lithuania,65.65,AVWAGE,TOT,USD,A,35752.0,,HRWKD,TOT,HR_WKD,A,1694.331,
344,Lithuania,LT,LTU,440,56.0,24.0,2017,Lithuania,66.0,AVWAGE,TOT,USD,A,37766.0,,HRWKD,TOT,HR_WKD,A,1656.899,
345,Lithuania,LT,LTU,440,56.0,24.0,2018,Lithuania,66.35,AVWAGE,TOT,USD,A,39524.0,,HRWKD,TOT,HR_WKD,A,1664.021,
346,Lithuania,LT,LTU,440,56.0,24.0,2019,Lithuania,66.7,AVWAGE,TOT,USD,A,42041.0,,HRWKD,TOT,HR_WKD,A,1665.382,
347,Lithuania,LT,LTU,440,56.0,24.0,2020,Lithuania,67.05,AVWAGE,TOT,USD,A,44228.0,,HRWKD,TOT,HR_WKD,A,1594.926,
348,Lithuania,LT,LTU,440,56.0,24.0,2021,Lithuania,67.4,AVWAGE,TOT,USD,A,47035.44,,HRWKD,TOT,HR_WKD,A,1619.977,
349,Luxembourg,LU,LUX,442,49.75,6.1667,2009,Luxembourg,70.3,AVWAGE,TOT,USD,A,71070.0,,HRWKD,TOT,HR_WKD,A,1518.0,
350,Luxembourg,LU,LUX,442,49.75,6.1667,2010,Luxembourg,70.5,AVWAGE,TOT,USD,A,71085.0,,HRWKD,TOT,HR_WKD,A,1521.0,
351,Luxembourg,LU,LUX,442,49.75,6.1667,2011,Luxembourg,70.7,AVWAGE,TOT,USD,A,71478.0,,HRWKD,TOT,HR_WKD,A,1520.0,
352,Luxembourg,LU,LUX,442,49.75,6.1667,2012,Luxembourg,70.9,AVWAGE,TOT,USD,A,70741.0,,HRWKD,TOT,HR_WKD,A,1514.0,
353,Luxembourg,LU,LUX,442,49.75,6.1667,2013,Luxembourg,71.1,AVWAGE,TOT,USD,A,71601.0,,HRWKD,TOT,HR_WKD,A,1506.0,
354,Luxembourg,LU,LUX,442,49.75,6.1667,2014,Luxembourg,71.3,AVWAGE,TOT,USD,A,72846.0,,HRWKD,TOT,HR_WKD,A,1512.0,
355,Luxembourg,LU,LUX,442,49.75,6.1667,2015,Luxembourg,71.5,AVWAGE,TOT,USD,A,73225.0,,HRWKD,TOT,HR_WKD,A,1519.0,
356,Luxembourg,LU,LUX,442,49.75,6.1667,2016,Luxembourg,71.525,AVWAGE,TOT,USD,A,72999.0,,HRWKD,TOT,HR_WKD,A,1518.0,
357,Luxembourg,LU,LUX,442,49.75,6.1667,2017,Luxembourg,71.55,AVWAGE,TOT,USD,A,73918.0,,HRWKD,TOT,HR_WKD,A,1508.0,
358,Luxembourg,LU,LUX,442,49.75,6.1667,2018,Luxembourg,71.575,AVWAGE,TOT,USD,A,74261.0,,HRWKD,TOT,HR_WKD,A,1509.0,
359,Luxembourg,LU,LUX,442,49.75,6.1667,2019,Luxembourg,71.6,AVWAGE,TOT,USD,A,74399.0,,HRWKD,TOT,HR_WKD,A,1507.0,
360,Mexico,MX,MEX,484,23.0,-102.0,2005,Mexico,64.4,AVWAGE,TOT,USD,A,18777.91,,HRWKD,TOT,HR_WKD,A,2105.0,
361,Mexico,MX,MEX,484,23.0,-102.0,2007,Mexico,64.68,AVWAGE,TOT,USD,A,18818.0,,HRWKD,TOT,HR_WKD,A,2045.0,
362,Mexico,MX,MEX,484,23.0,-102.0,2008,Mexico,64.82,AVWAGE,TOT,USD,A,18656.0,,HRWKD,TOT,HR_WKD,A,2105.0,
363,Mexico,MX,MEX,484,23.0,-102.0,2009,Mexico,64.96,AVWAGE,TOT,USD,A,18806.33,,HRWKD,TOT,HR_WKD,A,1973.0,
364,Mexico,MX,MEX,484,23.0,-102.0,2010,Mexico,65.1,AVWAGE,TOT,USD,A,17618.36,,HRWKD,TOT,HR_WKD,A,2150.0,
365,Mexico,MX,MEX,484,23.0,-102.0,2011,Mexico,65.24,AVWAGE,TOT,USD,A,17776.57,,HRWKD,TOT,HR_WKD,A,2121.0,
366,Mexico,MX,MEX,484,23.0,-102.0,2012,Mexico,65.38,AVWAGE,TOT,USD,A,17457.21,,HRWKD,TOT,HR_WKD,A,2120.0,
367,Mexico,MX,MEX,484,23.0,-102.0,2013,Mexico,65.52,AVWAGE,TOT,USD,A,17469.69,,HRWKD,TOT,HR_WKD,A,2136.0,
368,Mexico,MX,MEX,484,23.0,-102.0,2014,Mexico,65.66,AVWAGE,TOT,USD,A,17503.0,,HRWKD,TOT,HR_WKD,A,2134.06,
369,Mexico,MX,MEX,484,23.0,-102.0,2015,Mexico,65.8,AVWAGE,TOT,USD,A,17730.33,,HRWKD,TOT,HR_WKD,A,2139.893,
370,Mexico,MX,MEX,484,23.0,-102.0,2016,Mexico,65.8,AVWAGE,TOT,USD,A,17521.66,,HRWKD,TOT,HR_WKD,A,2145.888,
371,Mexico,MX,MEX,484,23.0,-102.0,2017,Mexico,65.8,AVWAGE,TOT,USD,A,17475.39,,HRWKD,TOT,HR_WKD,A,2148.538,
372,Mexico,MX,MEX,484,23.0,-102.0,2018,Mexico,65.8,AVWAGE,TOT,USD,A,17865.23,,HRWKD,TOT,HR_WKD,A,2149.408,
373,Mexico,MX,MEX,484,23.0,-102.0,2019,Mexico,65.8,AVWAGE,TOT,USD,A,18031.44,,HRWKD,TOT,HR_WKD,A,2138.89,
374,Mexico,MX,MEX,484,23.0,-102.0,2020,Mexico,65.8,AVWAGE,TOT,USD,A,17467.0,,HRWKD,TOT,HR_WKD,A,2123.537,
375,Mexico,MX,MEX,484,23.0,-102.0,2021,Mexico,65.8,AVWAGE,TOT,USD,A,17637.06,,HRWKD,TOT,HR_WKD,A,2127.808,
376,Netherlands,NL,NLD,528,52.5,5.75,2005,Netherlands,70.7,AVWAGE,TOT,USD,A,62542.65,,HRWKD,TOT,HR_WKD,A,1433.612,
377,Netherlands,NL,NLD,528,52.5,5.75,2007,Netherlands,70.78,AVWAGE,TOT,USD,A,63276.0,,HRWKD,TOT,HR_WKD,A,1429.172,
378,Netherlands,NL,NLD,528,52.5,5.75,2008,Netherlands,70.82,AVWAGE,TOT,USD,A,63660.0,,HRWKD,TOT,HR_WKD,A,1428.566,
379,Netherlands,NL,NLD,528,52.5,5.75,2010,Netherlands,70.9,AVWAGE,TOT,USD,A,66270.0,,HRWKD,TOT,HR_WKD,A,1419.633,
380,Netherlands,NL,NLD,528,52.5,5.75,2011,Netherlands,70.94,AVWAGE,TOT,USD,A,65977.0,,HRWKD,TOT,HR_WKD,A,1420.18,
381,Netherlands,NL,NLD,528,52.5,5.75,2012,Netherlands,70.98,AVWAGE,TOT,USD,A,66198.0,,HRWKD,TOT,HR_WKD,A,1410.51,
382,Netherlands,NL,NLD,528,52.5,5.75,2013,Netherlands,71.02,AVWAGE,TOT,USD,A,66395.0,,HRWKD,TOT,HR_WKD,A,1414.699,
383,Netherlands,NL,NLD,528,52.5,5.75,2014,Netherlands,71.06,AVWAGE,TOT,USD,A,66039.0,,HRWKD,TOT,HR_WKD,A,1425.595,
384,Netherlands,NL,NLD,528,52.5,5.75,2015,Netherlands,71.1,AVWAGE,TOT,USD,A,66841.0,,HRWKD,TOT,HR_WKD,A,1425.814,
385,Netherlands,NL,NLD,528,52.5,5.75,2016,Netherlands,71.175,AVWAGE,TOT,USD,A,67112.0,,HRWKD,TOT,HR_WKD,A,1437.309,
386,Netherlands,NL,NLD,528,52.5,5.75,2017,Netherlands,71.25,AVWAGE,TOT,USD,A,66634.0,,HRWKD,TOT,HR_WKD,A,1436.766,
387,Netherlands,NL,NLD,528,52.5,5.75,2018,Netherlands,71.325,AVWAGE,TOT,USD,A,65910.0,,HRWKD,TOT,HR_WKD,A,1436.06,
388,Netherlands,NL,NLD,528,52.5,5.75,2019,Netherlands,71.4,AVWAGE,TOT,USD,A,65449.0,,HRWKD,TOT,HR_WKD,A,1438.52,
389,Netherlands,NL,NLD,528,52.5,5.75,2020,Netherlands,71.475,AVWAGE,TOT,USD,A,67163.0,,HRWKD,TOT,HR_WKD,A,1406.867,
390,Netherlands,NL,NLD,528,52.5,5.75,2021,Netherlands,71.55,AVWAGE,TOT,USD,A,66221.48,,HRWKD,TOT,HR_WKD,A,1416.543,
391,New Zealand,NZ,NZL,554,-41.0,174.0,2006,New Zealand,69.72,AVWAGE,TOT,USD,A,41548.0,,HRWKD,TOT,HR_WKD,A,1795.0,
392,New Zealand,NZ,NZL,554,-41.0,174.0,2007,New Zealand,69.74,AVWAGE,TOT,USD,A,43973.0,,HRWKD,TOT,HR_WKD,A,1774.0,
393,New Zealand,NZ,NZL,554,-41.0,174.0,2008,New Zealand,69.76,AVWAGE,TOT,USD,A,43463.0,,HRWKD,TOT,HR_WKD,A,1761.0,
394,New Zealand,NZ,NZL,554,-41.0,174.0,2010,New Zealand,69.8,AVWAGE,TOT,USD,A,44475.53,,HRWKD,TOT,HR_WKD,A,1755.0,
395,New Zealand,NZ,NZL,554,-41.0,174.0,2011,New Zealand,69.82,AVWAGE,TOT,USD,A,44442.0,,HRWKD,TOT,HR_WKD,A,1746.0,
396,New Zealand,NZ,NZL,554,-41.0,174.0,2012,New Zealand,69.84,AVWAGE,TOT,USD,A,45402.0,,HRWKD,TOT,HR_WKD,A,1734.0,
397,New Zealand,NZ,NZL,554,-41.0,174.0,2013,New Zealand,69.86,AVWAGE,TOT,USD,A,44794.0,,HRWKD,TOT,HR_WKD,A,1756.0,
398,New Zealand,NZ,NZL,554,-41.0,174.0,2014,New Zealand,69.88,AVWAGE,TOT,USD,A,44969.0,,HRWKD,TOT,HR_WKD,A,1758.0,
399,New Zealand,NZ,NZL,554,-41.0,174.0,2015,New Zealand,69.9,AVWAGE,TOT,USD,A,45779.0,,HRWKD,TOT,HR_WKD,A,1753.0,
400,New Zealand,NZ,NZL,554,-41.0,174.0,2016,New Zealand,69.975,AVWAGE,TOT,USD,A,47269.0,,HRWKD,TOT,HR_WKD,A,1754.0,
401,New Zealand,NZ,NZL,554,-41.0,174.0,2017,New Zealand,70.05,AVWAGE,TOT,USD,A,47594.0,,HRWKD,TOT,HR_WKD,A,1756.0,
402,New Zealand,NZ,NZL,554,-41.0,174.0,2018,New Zealand,70.125,AVWAGE,TOT,USD,A,48784.0,,HRWKD,TOT,HR_WKD,A,1759.0,
403,New Zealand,NZ,NZL,554,-41.0,174.0,2019,New Zealand,70.2,AVWAGE,TOT,USD,A,50211.0,,HRWKD,TOT,HR_WKD,A,1783.0,
404,New Zealand,NZ,NZL,554,-41.0,174.0,2020,New Zealand,70.275,AVWAGE,TOT,USD,A,51417.0,,HRWKD,TOT,HR_WKD,A,1739.0,
405,New Zealand,NZ,NZL,554,-41.0,174.0,2021,New Zealand,70.35,AVWAGE,TOT,USD,A,51877.34,,HRWKD,TOT,HR_WKD,A,1730.0,
406,Norway,NO,NOR,578,62.0,10.0,2006,Norway,69.4,AVWAGE,TOT,USD,A,43540.0,,HRWKD,TOT,HR_WKD,A,1426.4,
407,Norway,NO,NOR,578,62.0,10.0,2008,Norway,69.8,AVWAGE,TOT,USD,A,46429.0,,HRWKD,TOT,HR_WKD,A,1443.0,
408,Norway,NO,NOR,578,62.0,10.0,2012,Norway,70.6,AVWAGE,TOT,USD,A,50542.0,,HRWKD,TOT,HR_WKD,A,1431.1,
409,Norway,NO,NOR,578,62.0,10.0,2014,Norway,71.0,AVWAGE,TOT,USD,A,51809.0,,HRWKD,TOT,HR_WKD,A,1424.1,
410,Norway,NO,NOR,578,62.0,10.0,2015,Norway,71.2,AVWAGE,TOT,USD,A,52068.0,,HRWKD,TOT,HR_WKD,A,1426.6,
411,Norway,NO,NOR,578,62.0,10.0,2016,Norway,71.25,AVWAGE,TOT,USD,A,51226.0,,HRWKD,TOT,HR_WKD,A,1430.0,
412,Norway,NO,NOR,578,62.0,10.0,2017,Norway,71.3,AVWAGE,TOT,USD,A,51096.0,,HRWKD,TOT,HR_WKD,A,1419.5,
413,Norway,NO,NOR,578,62.0,10.0,2018,Norway,71.35,AVWAGE,TOT,USD,A,51340.0,,HRWKD,TOT,HR_WKD,A,1419.2,
414,Norway,NO,NOR,578,62.0,10.0,2019,Norway,71.4,AVWAGE,TOT,USD,A,52273.0,,HRWKD,TOT,HR_WKD,A,1418.6,
415,Norway,NO,NOR,578,62.0,10.0,2020,Norway,71.45,AVWAGE,TOT,USD,A,52415.0,,HRWKD,TOT,HR_WKD,A,1410.7,
416,Norway,NO,NOR,578,62.0,10.0,2021,Norway,71.5,AVWAGE,TOT,USD,A,53813.21,,HRWKD,TOT,HR_WKD,A,1427.1,
417,Poland,PL,POL,616,52.0,20.0,2005,Poland,66.2,AVWAGE,TOT,USD,A,24682.38,,HRWKD,TOT,HR_WKD,A,1855.975,
418,Poland,PL,POL,616,52.0,20.0,2007,Poland,66.56,AVWAGE,TOT,USD,A,25663.7,,HRWKD,TOT,HR_WKD,A,1854.695,
419,Poland,PL,POL,616,52.0,20.0,2009,Poland,66.92,AVWAGE,TOT,USD,A,26996.51,,HRWKD,TOT,HR_WKD,A,1833.614,
420,Poland,PL,POL,616,52.0,20.0,2010,Poland,67.1,AVWAGE,TOT,USD,A,28090.56,,HRWKD,TOT,HR_WKD,A,1828.972,
421,Poland,PL,POL,616,52.0,20.0,2011,Poland,67.28,AVWAGE,TOT,USD,A,28247.0,,HRWKD,TOT,HR_WKD,A,1824.33,
422,Poland,PL,POL,616,52.0,20.0,2012,Poland,67.46,AVWAGE,TOT,USD,A,27972.0,,HRWKD,TOT,HR_WKD,A,1819.688,
423,Poland,PL,POL,616,52.0,20.0,2013,Poland,67.64,AVWAGE,TOT,USD,A,28273.57,,HRWKD,TOT,HR_WKD,A,1816.434,
424,Poland,PL,POL,616,52.0,20.0,2014,Poland,67.82,AVWAGE,TOT,USD,A,28919.0,,HRWKD,TOT,HR_WKD,A,1822.296,
425,Poland,PL,POL,616,52.0,20.0,2015,Poland,68.0,AVWAGE,TOT,USD,A,29635.47,,HRWKD,TOT,HR_WKD,A,1829.159,
426,Poland,PL,POL,616,52.0,20.0,2016,Poland,68.175,AVWAGE,TOT,USD,A,31199.0,,HRWKD,TOT,HR_WKD,A,1831.364,
427,Poland,PL,POL,616,52.0,20.0,2017,Poland,68.35,AVWAGE,TOT,USD,A,32474.61,,HRWKD,TOT,HR_WKD,A,1811.616,
428,Poland,PL,POL,616,52.0,20.0,2018,Poland,68.525,AVWAGE,TOT,USD,A,34546.0,,HRWKD,TOT,HR_WKD,A,1787.329,
429,Poland,PL,POL,616,52.0,20.0,2019,Poland,68.7,AVWAGE,TOT,USD,A,36667.0,,HRWKD,TOT,HR_WKD,A,1782.625,
430,Poland,PL,POL,616,52.0,20.0,2020,Poland,68.875,AVWAGE,TOT,USD,A,37325.0,,HRWKD,TOT,HR_WKD,A,1768.756,
431,Poland,PL,POL,616,52.0,20.0,2021,Poland,69.05,AVWAGE,TOT,USD,A,37126.69,,HRWKD,TOT,HR_WKD,A,1830.237,
432,Portugal,PT,PRT,620,39.5,-8.0,2006,Portugal,68.34,AVWAGE,TOT,USD,A,30215.47,,HRWKD,TOT,HR_WKD,A,1738.865,
433,Portugal,PT,PRT,620,39.5,-8.0,2008,Portugal,68.82,AVWAGE,TOT,USD,A,30315.49,,HRWKD,TOT,HR_WKD,A,1742.577,
434,Portugal,PT,PRT,620,39.5,-8.0,2010,Portugal,69.3,AVWAGE,TOT,USD,A,31589.0,,HRWKD,TOT,HR_WKD,A,1745.595,
435,Portugal,PT,PRT,620,39.5,-8.0,2011,Portugal,69.54,AVWAGE,TOT,USD,A,30820.0,,HRWKD,TOT,HR_WKD,A,1724.362,
436,Portugal,PT,PRT,620,39.5,-8.0,2012,Portugal,69.78,AVWAGE,TOT,USD,A,29495.54,,HRWKD,TOT,HR_WKD,A,1708.218,
437,Portugal,PT,PRT,620,39.5,-8.0,2013,Portugal,70.02,AVWAGE,TOT,USD,A,30055.6,,HRWKD,TOT,HR_WKD,A,1717.553,
438,Portugal,PT,PRT,620,39.5,-8.0,2014,Portugal,70.26,AVWAGE,TOT,USD,A,29538.0,,HRWKD,TOT,HR_WKD,A,1724.576,
439,Portugal,PT,PRT,620,39.5,-8.0,2015,Portugal,70.5,AVWAGE,TOT,USD,A,29448.48,,HRWKD,TOT,HR_WKD,A,1731.733,
440,Portugal,PT,PRT,620,39.5,-8.0,2016,Portugal,70.625,AVWAGE,TOT,USD,A,29320.0,,HRWKD,TOT,HR_WKD,A,1737.476,
441,Portugal,PT,PRT,620,39.5,-8.0,2017,Portugal,70.75,AVWAGE,TOT,USD,A,29433.32,,HRWKD,TOT,HR_WKD,A,1727.14,
442,Portugal,PT,PRT,620,39.5,-8.0,2018,Portugal,70.875,AVWAGE,TOT,USD,A,29919.33,,HRWKD,TOT,HR_WKD,A,1737.704,
443,Portugal,PT,PRT,620,39.5,-8.0,2019,Portugal,71.0,AVWAGE,TOT,USD,A,31081.37,,HRWKD,TOT,HR_WKD,A,1743.93,
444,Portugal,PT,PRT,620,39.5,-8.0,2020,Portugal,71.125,AVWAGE,TOT,USD,A,31300.37,,HRWKD,TOT,HR_WKD,A,1611.193,
445,Portugal,PT,PRT,620,39.5,-8.0,2021,Portugal,71.25,AVWAGE,TOT,USD,A,32089.38,,HRWKD,TOT,HR_WKD,A,1648.943,
446,Slovakia,SK,SVK,703,48.6667,19.5,2006,Slovakia,65.62,AVWAGE,TOT,USD,A,19561.0,,HRWKD,TOT,HR_WKD,A,1774.0,
447,Slovakia,SK,SVK,703,48.6667,19.5,2010,Slovakia,66.5,AVWAGE,TOT,USD,A,22641.75,,HRWKD,TOT,HR_WKD,A,1805.0,
448,Slovakia,SK,SVK,703,48.6667,19.5,2011,Slovakia,66.72,AVWAGE,TOT,USD,A,22442.51,,HRWKD,TOT,HR_WKD,A,1793.01,
449,Slovakia,SK,SVK,703,48.6667,19.5,2012,Slovakia,66.94,AVWAGE,TOT,USD,A,22161.0,,HRWKD,TOT,HR_WKD,A,1789.0,
450,Slovakia,SK,SVK,703,48.6667,19.5,2013,Slovakia,67.16,AVWAGE,TOT,USD,A,22333.0,,HRWKD,TOT,HR_WKD,A,1772.0,
451,Slovakia,SK,SVK,703,48.6667,19.5,2014,Slovakia,67.38,AVWAGE,TOT,USD,A,22780.73,,HRWKD,TOT,HR_WKD,A,1760.0,
452,Slovakia,SK,SVK,703,48.6667,19.5,2015,Slovakia,67.6,AVWAGE,TOT,USD,A,23676.0,,HRWKD,TOT,HR_WKD,A,1754.0,
453,Slovakia,SK,SVK,703,48.6667,19.5,2016,Slovakia,67.825,AVWAGE,TOT,USD,A,24426.0,,HRWKD,TOT,HR_WKD,A,1740.012,
454,Slovakia,SK,SVK,703,48.6667,19.5,2017,Slovakia,68.05,AVWAGE,TOT,USD,A,25151.45,,HRWKD,TOT,HR_WKD,A,1713.784,
455,Slovakia,SK,SVK,703,48.6667,19.5,2018,Slovakia,68.275,AVWAGE,TOT,USD,A,25862.0,,HRWKD,TOT,HR_WKD,A,1703.924,
456,Slovakia,SK,SVK,703,48.6667,19.5,2019,Slovakia,68.5,AVWAGE,TOT,USD,A,26706.52,,HRWKD,TOT,HR_WKD,A,1691.986,
457,Slovakia,SK,SVK,703,48.6667,19.5,2020,Slovakia,68.725,AVWAGE,TOT,USD,A,27052.0,,HRWKD,TOT,HR_WKD,A,1571.98,
458,Slovakia,SK,SVK,703,48.6667,19.5,2021,Slovakia,68.95,AVWAGE,TOT,USD,A,27546.58,,HRWKD,TOT,HR_WKD,A,1583.159,
459,Slovenia,SI,SVN,705,46.0,15.0,2006,Slovenia,68.56,AVWAGE,TOT,USD,A,39774.48,,HRWKD,TOT,HR_WKD,A,1667.413,
460,Slovenia,SI,SVN,705,46.0,15.0,2009,Slovenia,69.04,AVWAGE,TOT,USD,A,41676.0,,HRWKD,TOT,HR_WKD,A,1678.997,
461,Slovenia,SI,SVN,705,46.0,15.0,2010,Slovenia,69.2,AVWAGE,TOT,USD,A,42846.0,,HRWKD,TOT,HR_WKD,A,1680.3,
462,Slovenia,SI,SVN,705,46.0,15.0,2011,Slovenia,69.36,AVWAGE,TOT,USD,A,42724.51,,HRWKD,TOT,HR_WKD,A,1663.4,
463,Slovenia,SI,SVN,705,46.0,15.0,2012,Slovenia,69.52,AVWAGE,TOT,USD,A,41437.46,,HRWKD,TOT,HR_WKD,A,1644.3,
464,Slovenia,SI,SVN,705,46.0,15.0,2013,Slovenia,69.68,AVWAGE,TOT,USD,A,40760.0,,HRWKD,TOT,HR_WKD,A,1662.2,
465,Slovenia,SI,SVN,705,46.0,15.0,2014,Slovenia,69.84,AVWAGE,TOT,USD,A,41576.0,,HRWKD,TOT,HR_WKD,A,1681.8,
466,Slovenia,SI,SVN,705,46.0,15.0,2015,Slovenia,70.0,AVWAGE,TOT,USD,A,42482.0,,HRWKD,TOT,HR_WKD,A,1687.309,
467,Slovenia,SI,SVN,705,46.0,15.0,2016,Slovenia,70.175,AVWAGE,TOT,USD,A,44095.0,,HRWKD,TOT,HR_WKD,A,1652.4,
468,Slovenia,SI,SVN,705,46.0,15.0,2017,Slovenia,70.35,AVWAGE,TOT,USD,A,44894.0,,HRWKD,TOT,HR_WKD,A,1621.923,
469,Slovenia,SI,SVN,705,46.0,15.0,2018,Slovenia,70.525,AVWAGE,TOT,USD,A,45702.0,,HRWKD,TOT,HR_WKD,A,1599.109,
470,Slovenia,SI,SVN,705,46.0,15.0,2019,Slovenia,70.7,AVWAGE,TOT,USD,A,47050.0,,HRWKD,TOT,HR_WKD,A,1601.835,
471,Slovenia,SI,SVN,705,46.0,15.0,2020,Slovenia,70.875,AVWAGE,TOT,USD,A,48605.0,,HRWKD,TOT,HR_WKD,A,1533.823,
472,Slovenia,SI,SVN,705,46.0,15.0,2021,Slovenia,71.05,AVWAGE,TOT,USD,A,50466.69,,HRWKD,TOT,HR_WKD,A,1596.395,
473,Spain,ES,ESP,724,40.0,-4.0,2005,Spain,70.4,AVWAGE,TOT,USD,A,42437.2,,HRWKD,TOT,HR_WKD,A,1723.7,
474,Spain,ES,ESP,724,40.0,-4.0,2007,Spain,70.64,AVWAGE,TOT,USD,A,42692.0,,HRWKD,TOT,HR_WKD,A,1701.308,
475,Spain,ES,ESP,724,40.0,-4.0,2008,Spain,70.76,AVWAGE,TOT,USD,A,44201.0,,HRWKD,TOT,HR_WKD,A,1710.1,
476,Spain,ES,ESP,724,40.0,-4.0,2009,Spain,70.88,AVWAGE,TOT,USD,A,46983.0,,HRWKD,TOT,HR_WKD,A,1715.805,
477,Spain,ES,ESP,724,40.0,-4.0,2010,Spain,71.0,AVWAGE,TOT,USD,A,46538.0,,HRWKD,TOT,HR_WKD,A,1705.8,
478,Spain,ES,ESP,724,40.0,-4.0,2011,Spain,71.12,AVWAGE,TOT,USD,A,45707.0,,HRWKD,TOT,HR_WKD,A,1710.692,
479,Spain,ES,ESP,724,40.0,-4.0,2012,Spain,71.24,AVWAGE,TOT,USD,A,44427.0,,HRWKD,TOT,HR_WKD,A,1696.7,
480,Spain,ES,ESP,724,40.0,-4.0,2013,Spain,71.36,AVWAGE,TOT,USD,A,44431.0,,HRWKD,TOT,HR_WKD,A,1689.8,
481,Spain,ES,ESP,724,40.0,-4.0,2014,Spain,71.48,AVWAGE,TOT,USD,A,44294.0,,HRWKD,TOT,HR_WKD,A,1690.6,
482,Spain,ES,ESP,724,40.0,-4.0,2015,Spain,71.6,AVWAGE,TOT,USD,A,44957.0,,HRWKD,TOT,HR_WKD,A,1694.2,
483,Spain,ES,ESP,724,40.0,-4.0,2016,Spain,71.725,AVWAGE,TOT,USD,A,44704.0,,HRWKD,TOT,HR_WKD,A,1701.5,
484,Spain,ES,ESP,724,40.0,-4.0,2017,Spain,71.85,AVWAGE,TOT,USD,A,44123.0,,HRWKD,TOT,HR_WKD,A,1692.394,
485,Spain,ES,ESP,724,40.0,-4.0,2018,Spain,71.975,AVWAGE,TOT,USD,A,43975.0,,HRWKD,TOT,HR_WKD,A,1697.622,
486,Spain,ES,ESP,724,40.0,-4.0,2019,Spain,72.1,AVWAGE,TOT,USD,A,44448.0,,HRWKD,TOT,HR_WKD,A,1682.936,
487,Spain,ES,ESP,724,40.0,-4.0,2020,Spain,72.225,AVWAGE,TOT,USD,A,43828.0,,HRWKD,TOT,HR_WKD,A,1569.672,
488,Spain,ES,ESP,724,40.0,-4.0,2021,Spain,72.35,AVWAGE,TOT,USD,A,44443.89,,HRWKD,TOT,HR_WKD,A,1640.941,
489,Sweden,SE,SWE,752,62.0,15.0,2005,Sweden,71.0,AVWAGE,TOT,USD,A,41216.49,,HRWKD,TOT,HR_WKD,A,1451.476,
490,Sweden,SE,SWE,752,62.0,15.0,2007,Sweden,71.08,AVWAGE,TOT,USD,A,43779.0,,HRWKD,TOT,HR_WKD,A,1461.687,
491,Sweden,SE,SWE,752,62.0,15.0,2008,Sweden,71.12,AVWAGE,TOT,USD,A,44635.0,,HRWKD,TOT,HR_WKD,A,1471.283,
492,Sweden,SE,SWE,752,62.0,15.0,2009,Sweden,71.16,AVWAGE,TOT,USD,A,44790.0,,HRWKD,TOT,HR_WKD,A,1457.932,
493,Sweden,SE,SWE,752,62.0,15.0,2010,Sweden,71.2,AVWAGE,TOT,USD,A,45337.48,,HRWKD,TOT,HR_WKD,A,1483.018,
494,Sweden,SE,SWE,752,62.0,15.0,2011,Sweden,71.24,AVWAGE,TOT,USD,A,46020.0,,HRWKD,TOT,HR_WKD,A,1483.863,
495,Sweden,SE,SWE,752,62.0,15.0,2012,Sweden,71.28,AVWAGE,TOT,USD,A,46993.0,,HRWKD,TOT,HR_WKD,A,1471.372,
496,Sweden,SE,SWE,752,62.0,15.0,2013,Sweden,71.32,AVWAGE,TOT,USD,A,47506.0,,HRWKD,TOT,HR_WKD,A,1462.893,
497,Sweden,SE,SWE,752,62.0,15.0,2014,Sweden,71.36,AVWAGE,TOT,USD,A,48043.0,,HRWKD,TOT,HR_WKD,A,1464.36,
498,Sweden,SE,SWE,752,62.0,15.0,2015,Sweden,71.4,AVWAGE,TOT,USD,A,48770.49,,HRWKD,TOT,HR_WKD,A,1465.871,
499,Sweden,SE,SWE,752,62.0,15.0,2016,Sweden,71.525,AVWAGE,TOT,USD,A,49535.0,,HRWKD,TOT,HR_WKD,A,1478.111,
500,Sweden,SE,SWE,752,62.0,15.0,2017,Sweden,71.65,AVWAGE,TOT,USD,A,49797.0,,HRWKD,TOT,HR_WKD,A,1466.709,
501,Sweden,SE,SWE,752,62.0,15.0,2018,Sweden,71.775,AVWAGE,TOT,USD,A,50041.0,,HRWKD,TOT,HR_WKD,A,1466.181,
502,Sweden,SE,SWE,752,62.0,15.0,2019,Sweden,71.9,AVWAGE,TOT,USD,A,50559.0,,HRWKD,TOT,HR_WKD,A,1453.424,
503,Sweden,SE,SWE,752,62.0,15.0,2020,Sweden,72.025,AVWAGE,TOT,USD,A,51214.0,,HRWKD,TOT,HR_WKD,A,1426.155,
504,Sweden,SE,SWE,752,62.0,15.0,2021,Sweden,72.15,AVWAGE,TOT,USD,A,51928.98,,HRWKD,TOT,HR_WKD,A,1444.285,
505,Switzerland,CH,CHE,756,47.0,8.0,2006,Switzerland,71.16,AVWAGE,TOT,USD,A,65847.0,,HRWKD,TOT,HR_WKD,A,1679.2,
506,Switzerland,CH,CHE,756,47.0,8.0,2009,Switzerland,71.34,AVWAGE,TOT,USD,A,68319.0,,HRWKD,TOT,HR_WKD,A,1650.8,
507,Switzerland,CH,CHE,756,47.0,8.0,2012,Switzerland,71.52,AVWAGE,TOT,USD,A,69383.0,,HRWKD,TOT,HR_WKD,A,1592.564,
508,Switzerland,CH,CHE,756,47.0,8.0,2014,Switzerland,71.64,AVWAGE,TOT,USD,A,70412.0,,HRWKD,TOT,HR_WKD,A,1564.47,
509,Switzerland,CH,CHE,756,47.0,8.0,2015,Switzerland,71.7,AVWAGE,TOT,USD,A,70797.0,,HRWKD,TOT,HR_WKD,A,1576.62,
510,Switzerland,CH,CHE,756,47.0,8.0,2016,Switzerland,71.9,AVWAGE,TOT,USD,A,70468.0,,HRWKD,TOT,HR_WKD,A,1577.044,
511,Switzerland,CH,CHE,756,47.0,8.0,2017,Switzerland,72.1,AVWAGE,TOT,USD,A,70087.0,,HRWKD,TOT,HR_WKD,A,1559.09,
512,Switzerland,CH,CHE,756,47.0,8.0,2018,Switzerland,72.3,AVWAGE,TOT,USD,A,69892.0,,HRWKD,TOT,HR_WKD,A,1551.416,
513,Switzerland,CH,CHE,756,47.0,8.0,2019,Switzerland,72.5,AVWAGE,TOT,USD,A,71189.0,,HRWKD,TOT,HR_WKD,A,1549.435,
514,Switzerland,CH,CHE,756,47.0,8.0,2020,Switzerland,72.7,AVWAGE,TOT,USD,A,69728.0,,HRWKD,TOT,HR_WKD,A,1498.5,
515,Switzerland,CH,CHE,756,47.0,8.0,2021,Switzerland,72.9,AVWAGE,TOT,USD,A,72358.44,,HRWKD,TOT,HR_WKD,A,1533.304,
516,Turkey,TR,TUR,792,39.0,35.0,2007,Turkiye,66.42,AVWAGE,TOT,USD,A,22169.65,,HRWKD,TOT,HR_WKD,A,1911.0,
517,Turkey,TR,TUR,792,39.0,35.0,2008,Turkiye,66.58,AVWAGE,TOT,USD,A,22042.0,,HRWKD,TOT,HR_WKD,A,1900.0,
518,Turkey,TR,TUR,792,39.0,35.0,2009,Turkiye,66.74,AVWAGE,TOT,USD,A,22292.0,,HRWKD,TOT,HR_WKD,A,1881.0,
519,Turkey,TR,TUR,792,39.0,35.0,2010,Turkiye,66.9,AVWAGE,TOT,USD,A,22847.0,,HRWKD,TOT,HR_WKD,A,1877.0,
520,Turkey,TR,TUR,792,39.0,35.0,2011,Turkiye,67.06,AVWAGE,TOT,USD,A,23216.0,,HRWKD,TOT,HR_WKD,A,1864.0,
521,Turkey,TR,TUR,792,39.0,35.0,2012,Turkiye,67.22,AVWAGE,TOT,USD,A,24153.0,,HRWKD,TOT,HR_WKD,A,1855.0,
522,Turkey,TR,TUR,792,39.0,35.0,2013,Turkiye,67.38,AVWAGE,TOT,USD,A,25265.0,,HRWKD,TOT,HR_WKD,A,1832.0,
523,Turkey,TR,TUR,792,39.0,35.0,2014,Turkey,67.54,AVWAGE,TOT,USD,A,26126.55,,HRWKD,TOT,HR_WKD,A,1829.543,
524,Turkey,TR,TUR,792,39.0,35.0,2015,Turkiye,67.7,AVWAGE,TOT,USD,A,26785.68,,HRWKD,TOT,HR_WKD,A,1810.707,
525,Turkey,TR,TUR,792,39.0,35.0,2016,Turkiye,67.875,AVWAGE,TOT,USD,A,30081.3,,HRWKD,TOT,HR_WKD,A,1789.414,
526,Turkey,TR,TUR,792,39.0,35.0,2017,Turkiye,68.05,AVWAGE,TOT,USD,A,29515.32,,HRWKD,TOT,HR_WKD,A,1775.492,
527,Turkey,TR,TUR,792,39.0,35.0,2018,Turkiye,68.225,AVWAGE,TOT,USD,A,30040.53,,HRWKD,TOT,HR_WKD,A,1745.191,
528,Turkey,TR,TUR,792,39.0,35.0,2019,Turkiye,68.4,AVWAGE,TOT,USD,A,31927.0,,HRWKD,TOT,HR_WKD,A,1732.088,
529,Turkey,TR,TUR,792,39.0,35.0,2020,Turkiye,68.575,AVWAGE,TOT,USD,A,31761.46,,HRWKD,TOT,HR_WKD,A,1572.392,
530,United Kingdom,GB,GBR,826,54.0,-2.0,2005,United Kingdom,69.1,AVWAGE,TOT,USD,A,50067.25,,HRWKD,TOT,HR_WKD,A,1544.036,
531,United Kingdom,GB,GBR,826,54.0,-2.0,2007,United Kingdom,69.22,AVWAGE,TOT,USD,A,53926.0,,HRWKD,TOT,HR_WKD,A,1541.169,
532,United Kingdom,GB,GBR,826,54.0,-2.0,2008,United Kingdom,69.28,AVWAGE,TOT,USD,A,52475.0,,HRWKD,TOT,HR_WKD,A,1524.921,
533,United Kingdom,GB,GBR,826,54.0,-2.0,2009,United Kingdom,69.34,AVWAGE,TOT,USD,A,52346.0,,HRWKD,TOT,HR_WKD,A,1516.319,
534,United Kingdom,GB,GBR,826,54.0,-2.0,2010,United Kingdom,69.4,AVWAGE,TOT,USD,A,52455.0,,HRWKD,TOT,HR_WKD,A,1507.239,
535,United Kingdom,GB,GBR,826,54.0,-2.0,2011,United Kingdom,69.46,AVWAGE,TOT,USD,A,51497.0,,HRWKD,TOT,HR_WKD,A,1515.363,
536,United Kingdom,GB,GBR,826,54.0,-2.0,2012,United Kingdom,69.52,AVWAGE,TOT,USD,A,51070.0,,HRWKD,TOT,HR_WKD,A,1531.054,
537,United Kingdom,GB,GBR,826,54.0,-2.0,2013,United Kingdom,69.58,AVWAGE,TOT,USD,A,51594.0,,HRWKD,TOT,HR_WKD,A,1533.518,
538,United Kingdom,GB,GBR,826,54.0,-2.0,2014,United Kingdom,69.64,AVWAGE,TOT,USD,A,51816.0,,HRWKD,TOT,HR_WKD,A,1542.219,
539,United Kingdom,GB,GBR,826,54.0,-2.0,2015,United Kingdom,69.7,AVWAGE,TOT,USD,A,52549.0,,HRWKD,TOT,HR_WKD,A,1525.127,
540,United Kingdom,GB,GBR,826,54.0,-2.0,2016,United Kingdom,69.8,AVWAGE,TOT,USD,A,53156.0,,HRWKD,TOT,HR_WKD,A,1541.275,
541,United Kingdom,GB,GBR,826,54.0,-2.0,2017,United Kingdom,69.9,AVWAGE,TOT,USD,A,53471.0,,HRWKD,TOT,HR_WKD,A,1535.68,
542,United Kingdom,GB,GBR,826,54.0,-2.0,2018,United Kingdom,70.0,AVWAGE,TOT,USD,A,53950.0,,HRWKD,TOT,HR_WKD,A,1536.176,
543,United Kingdom,GB,GBR,826,54.0,-2.0,2019,United Kingdom,70.1,AVWAGE,TOT,USD,A,54703.0,,HRWKD,TOT,HR_WKD,A,1537.043,
544,United Kingdom,GB,GBR,826,54.0,-2.0,2020,United Kingdom,70.2,AVWAGE,TOT,USD,A,53612.0,,HRWKD,TOT,HR_WKD,A,1363.767,
545,United Kingdom,GB,GBR,826,54.0,-2.0,2021,United Kingdom,70.3,AVWAGE,TOT,USD,A,54762.3,,HRWKD,TOT,HR_WKD,A,1497.375,
546,United States,US,USA,840,38.0,-97.0,2006,United States,66.78,AVWAGE,TOT,USD,A,64945.0,,HRWKD,TOT,HR_WKD,A,1796.333,
547,United States,US,USA,840,38.0,-97.0,2007,United States,66.76,AVWAGE,TOT,USD,A,66174.0,,HRWKD,TOT,HR_WKD,A,1795.487,
548,United States,US,USA,840,38.0,-97.0,2008,United States,66.74,AVWAGE,TOT,USD,A,66011.0,,HRWKD,TOT,HR_WKD,A,1786.234,
549,United States,US,USA,840,38.0,-97.0,2009,United States,66.72,AVWAGE,TOT,USD,A,66673.0,,HRWKD,TOT,HR_WKD,A,1760.909,
550,United States,US,USA,840,38.0,-97.0,2010,United States,66.7,AVWAGE,TOT,USD,A,67263.0,,HRWKD,TOT,HR_WKD,A,1771.556,
551,United States,US,USA,840,38.0,-97.0,2011,United States,66.68,AVWAGE,TOT,USD,A,67353.0,,HRWKD,TOT,HR_WKD,A,1778.338,
552,United States,US,USA,840,38.0,-97.0,2012,United States,66.66,AVWAGE,TOT,USD,A,67928.0,,HRWKD,TOT,HR_WKD,A,1781.968,
553,United States,US,USA,840,38.0,-97.0,2013,United States,66.64,AVWAGE,TOT,USD,A,67604.0,,HRWKD,TOT,HR_WKD,A,1780.353,
554,United States,US,USA,840,38.0,-97.0,2014,United States,66.62,AVWAGE,TOT,USD,A,68591.0,,HRWKD,TOT,HR_WKD,A,1781.968,
555,United States,US,USA,840,38.0,-97.0,2015,United States,66.6,AVWAGE,TOT,USD,A,70320.0,,HRWKD,TOT,HR_WKD,A,1783.017,
556,United States,US,USA,840,38.0,-97.0,2016,United States,66.475,AVWAGE,TOT,USD,A,70446.0,,HRWKD,TOT,HR_WKD,A,1778.418,
557,United States,US,USA,840,38.0,-97.0,2017,United States,66.35,AVWAGE,TOT,USD,A,71157.0,,HRWKD,TOT,HR_WKD,A,1777.571,
558,United States,US,USA,840,38.0,-97.0,2018,United States,66.225,AVWAGE,TOT,USD,A,71937.0,,HRWKD,TOT,HR_WKD,A,1781.567,
559,United States,US,USA,840,38.0,-97.0,2019,United States,66.1,AVWAGE,TOT,USD,A,73194.0,,HRWKD,TOT,HR_WKD,A,1777.241,
560,United States,US,USA,840,38.0,-97.0,2020,United States,65.975,AVWAGE,TOT,USD,A,77567.0,,HRWKD,TOT,HR_WKD,A,1767.095,
561,United States,US,USA,840,38.0,-97.0,2021,United States,65.85,AVWAGE,TOT,USD,A,78894.28,,HRWKD,TOT,HR_WKD,A,1791.0,
