Country name,ISO3,year,Healthy life expectancy at birth
Afghanistan,AFG,2017,53.25
Afghanistan,AFG,2018,53.575
Afghanistan,AFG,2019,53.9
Afghanistan,AFG,2021,54.55
Afghanistan,AFG,2022,54.875
Afghanistan,AFG,2010,51.1
Afghanistan,AFG,2016,52.925
Afghanistan,AFG,2009,50.8
Afghanistan,AFG,2015,52.6
Afghanistan,AFG,2008,50.5
Afghanistan,AFG,2011,51.4
Afghanistan,AFG,2012,51.7
Afghanistan,AFG,2013,52.0
Afghanistan,AFG,2014,52.3
Angola,AGO,2011,51.22
Angola,AGO,2012,51.84
Angola,AGO,2013,52.46
Angola,AGO,2014,53.08
Albania,ALB,2017,69.05
Albania,ALB,2018,69.075
Albania,ALB,2019,69.1
Albania,ALB,2020,69.125
Albania,ALB,2021,69.15
Albania,ALB,2022,69.175
Albania,ALB,2011,67.88
Albania,ALB,2009,67.32
Albania,ALB,2012,68.16
Albania,ALB,2010,67.6
Albania,ALB,2014,68.72
Albania,ALB,2007,66.76
Albania,ALB,2013,68.44
Albania,ALB,2016,69.025
Albania,ALB,2015,69.0
United Arab Emirates,ARE,2011,65.16
United Arab Emirates,ARE,2012,65.22
United Arab Emirates,ARE,2010,65.1
United Arab Emirates,ARE,2016,65.55
United Arab Emirates,ARE,2006,64.86
United Arab Emirates,ARE,2009,65.04
United Arab Emirates,ARE,2014,65.34
United Arab Emirates,ARE,2013,65.28
United Arab Emirates,ARE,2015,65.4
United Arab Emirates,ARE,2017,65.7
United Arab Emirates,ARE,2018,65.85
United Arab Emirates,ARE,2019,66.0
United Arab Emirates,ARE,2020,66.15
United Arab Emirates,ARE,2021,66.3
United Arab Emirates,ARE,2022,66.45
Argentina,ARG,2017,67.0
Argentina,ARG,2018,67.05
Argentina,ARG,2019,67.1
Argentina,ARG,2020,67.15
Argentina,ARG,2021,67.2
Argentina,ARG,2022,67.25
Argentina,ARG,2015,66.9
Argentina,ARG,2014,66.78
Argentina,ARG,2011,66.42
Argentina,ARG,2006,65.82
Argentina,ARG,2013,66.66
Argentina,ARG,2012,66.54
Argentina,ARG,2016,66.95
Argentina,ARG,2010,66.3
Argentina,ARG,2009,66.18
Argentina,ARG,2007,65.94
Argentina,ARG,2008,66.06
Armenia,ARM,2017,66.55
Armenia,ARM,2018,66.825
Armenia,ARM,2019,67.1
Armenia,ARM,2021,67.65
Armenia,ARM,2022,67.925
Armenia,ARM,2007,64.08
Armenia,ARM,2008,64.32
Armenia,ARM,2014,65.76
Armenia,ARM,2013,65.52
Armenia,ARM,2016,66.275
Armenia,ARM,2015,66.0
Armenia,ARM,2006,63.84
Armenia,ARM,2010,64.8
Armenia,ARM,2012,65.28
Armenia,ARM,2011,65.04
Armenia,ARM,2009,64.56
Australia,AUS,2011,70.28
Australia,AUS,2010,70.2
Australia,AUS,2017,70.75
Australia,AUS,2018,70.825
Australia,AUS,2019,70.9
Australia,AUS,2020,70.975
Australia,AUS,2021,71.05
Australia,AUS,2022,71.125
Australia,AUS,2014,70.52
Australia,AUS,2016,70.675
Australia,AUS,2013,70.44
Australia,AUS,2015,70.6
Australia,AUS,2007,69.96
Australia,AUS,2012,70.36
Australia,AUS,2008,70.04
Australia,AUS,2005,69.8
Austria,AUT,2011,70.0
Austria,AUT,2013,70.2
Austria,AUT,2017,70.65
Austria,AUT,2018,70.775
Austria,AUT,2019,70.9
Austria,AUT,2020,71.025
Austria,AUT,2021,71.15
Austria,AUT,2022,71.275
Austria,AUT,2012,70.1
Austria,AUT,2010,69.9
Austria,AUT,2015,70.4
Austria,AUT,2016,70.525
Austria,AUT,2006,69.5
Austria,AUT,2014,70.3
Austria,AUT,2008,69.7
Azerbaijan,AZE,2017,63.35
Azerbaijan,AZE,2018,63.475
Azerbaijan,AZE,2019,63.6
Azerbaijan,AZE,2013,62.54
Azerbaijan,AZE,2014,62.82
Azerbaijan,AZE,2016,63.225
Azerbaijan,AZE,2015,63.1
Azerbaijan,AZE,2012,62.26
Azerbaijan,AZE,2006,60.58
Azerbaijan,AZE,2008,61.14
Azerbaijan,AZE,2011,61.98
Azerbaijan,AZE,2007,60.86
Azerbaijan,AZE,2009,61.42
Azerbaijan,AZE,2010,61.7
Burundi,BDI,2018,55.2
Burundi,BDI,2008,49.66
Burundi,BDI,2009,50.28
Burundi,BDI,2011,51.52
Burundi,BDI,2014,53.38
Belgium,BEL,2017,70.3
Belgium,BEL,2018,70.45
Belgium,BEL,2019,70.6
Belgium,BEL,2020,70.75
Belgium,BEL,2021,70.9
Belgium,BEL,2022,71.05
Belgium,BEL,2011,69.36
Belgium,BEL,2007,68.72
Belgium,BEL,2015,70.0
Belgium,BEL,2013,69.68
Belgium,BEL,2016,70.15
Belgium,BEL,2014,69.84
Belgium,BEL,2008,68.88
Belgium,BEL,2010,69.2
Belgium,BEL,2012,69.52
Belgium,BEL,2005,68.4
Benin,BEN,2017,54.9
Benin,BEN,2018,55.2
Benin,BEN,2019,55.5
Benin,BEN,2020,55.8
Benin,BEN,2021,56.1
Benin,BEN,2022,56.4
Benin,BEN,2016,54.6
Benin,BEN,2011,53.26
Benin,BEN,2015,54.3
Benin,BEN,2008,52.48
Benin,BEN,2013,53.78
Benin,BEN,2014,54.04
Benin,BEN,2006,51.96
Benin,BEN,2012,53.52
Burkina Faso,BFA,2017,54.15
Burkina Faso,BFA,2018,54.525
Burkina Faso,BFA,2019,54.9
Burkina Faso,BFA,2020,55.275
Burkina Faso,BFA,2021,55.65
Burkina Faso,BFA,2011,51.64
Burkina Faso,BFA,2015,53.4
Burkina Faso,BFA,2016,53.775
Burkina Faso,BFA,2006,49.44
Burkina Faso,BFA,2008,50.32
Burkina Faso,BFA,2010,51.2
Burkina Faso,BFA,2012,52.08
Burkina Faso,BFA,2007,49.88
Burkina Faso,BFA,2014,52.96
Burkina Faso,BFA,2013,52.52
Bangladesh,BGD,2017,64.05
Bangladesh,BGD,2018,64.175
Bangladesh,BGD,2019,64.3
Bangladesh,BGD,2020,64.425
Bangladesh,BGD,2021,64.55
Bangladesh,BGD,2022,64.675
Bangladesh,BGD,2011,61.72
Bangladesh,BGD,2008,60.16
Bangladesh,BGD,2009,60.68
Bangladesh,BGD,2010,61.2
Bangladesh,BGD,2012,62.24
Bangladesh,BGD,2014,63.28
Bangladesh,BGD,2013,62.76
Bangladesh,BGD,2016,63.925
Bangladesh,BGD,2015,63.8
Bangladesh,BGD,2007,59.64
Bangladesh,BGD,2006,59.12
Bulgaria,BGR,2017,66.1
Bulgaria,BGR,2018,66.2
Bulgaria,BGR,2019,66.3
Bulgaria,BGR,2020,66.4
Bulgaria,BGR,2021,66.5
Bulgaria,BGR,2022,66.6
Bulgaria,BGR,2016,66.0
Bulgaria,BGR,2015,65.9
Bulgaria,BGR,2014,65.76
Bulgaria,BGR,2013,65.62
Bulgaria,BGR,2012,65.48
Bulgaria,BGR,2011,65.34
Bulgaria,BGR,2010,65.2
Bulgaria,BGR,2007,64.78
Bahrain,BHR,2017,66.05
Bahrain,BHR,2019,65.9
Bahrain,BHR,2020,65.825
Bahrain,BHR,2013,65.72
Bahrain,BHR,2016,66.125
Bahrain,BHR,2014,65.96
Bahrain,BHR,2015,66.2
Bahrain,BHR,2010,65.0
Bahrain,BHR,2009,64.76
Bahrain,BHR,2012,65.48
Bahrain,BHR,2011,65.24
Bosnia and Herzegovina,BIH,2017,67.1
Bosnia and Herzegovina,BIH,2018,67.15
Bosnia and Herzegovina,BIH,2019,67.2
Bosnia and Herzegovina,BIH,2020,67.25
Bosnia and Herzegovina,BIH,2021,67.3
Bosnia and Herzegovina,BIH,2014,67.0
Bosnia and Herzegovina,BIH,2013,67.0
Bosnia and Herzegovina,BIH,2011,67.0
Bosnia and Herzegovina,BIH,2015,67.0
Bosnia and Herzegovina,BIH,2016,67.05
Bosnia and Herzegovina,BIH,2007,67.0
Bosnia and Herzegovina,BIH,2012,67.0
Bosnia and Herzegovina,BIH,2009,67.0
Bosnia and Herzegovina,BIH,2010,67.0
Belarus,BLR,2017,65.55
Belarus,BLR,2018,65.775
Belarus,BLR,2019,66.0
Belarus,BLR,2013,63.98
Belarus,BLR,2006,60.06
Belarus,BLR,2014,64.54
Belarus,BLR,2007,60.62
Belarus,BLR,2008,61.18
Belarus,BLR,2012,63.42
Belarus,BLR,2009,61.74
Belarus,BLR,2015,65.1
Belarus,BLR,2010,62.3
Belarus,BLR,2011,62.86
Belarus,BLR,2016,65.325
Belize,BLZ,2007,64.3
Belize,BLZ,2014,65.0
Bolivia,BOL,2017,63.0
Bolivia,BOL,2018,63.15
Bolivia,BOL,2019,63.3
Bolivia,BOL,2020,63.45
Bolivia,BOL,2021,63.6
Bolivia,BOL,2022,63.75
Bolivia,BOL,2012,62.1
Bolivia,BOL,2009,61.5
Bolivia,BOL,2011,61.9
Bolivia,BOL,2014,62.5
Bolivia,BOL,2007,61.1
Bolivia,BOL,2015,62.7
Bolivia,BOL,2010,61.7
Bolivia,BOL,2013,62.3
Bolivia,BOL,2016,62.85
Bolivia,BOL,2006,60.9
Bolivia,BOL,2008,61.3
Brazil,BRA,2013,64.38
Brazil,BRA,2014,64.54
Brazil,BRA,2011,64.06
Brazil,BRA,2009,63.74
Brazil,BRA,2017,65.05
Brazil,BRA,2018,65.225
Brazil,BRA,2019,65.4
Brazil,BRA,2020,65.575
Brazil,BRA,2021,65.75
Brazil,BRA,2022,65.925
Brazil,BRA,2010,63.9
Brazil,BRA,2012,64.22
Brazil,BRA,2015,64.7
Brazil,BRA,2016,64.875
Brazil,BRA,2007,63.42
Brazil,BRA,2008,63.58
Brazil,BRA,2005,63.1
Bhutan,BTN,2013,62.24
Bhutan,BTN,2015,62.6
Bhutan,BTN,2014,62.42
Botswana,BWA,2017,53.35
Botswana,BWA,2018,53.625
Botswana,BWA,2019,53.9
Botswana,BWA,2022,54.725
Botswana,BWA,2008,49.72
Botswana,BWA,2006,48.84
Botswana,BWA,2012,51.48
Botswana,BWA,2013,51.92
Botswana,BWA,2014,52.36
Botswana,BWA,2015,52.8
Botswana,BWA,2016,53.075
Botswana,BWA,2010,50.6
Botswana,BWA,2011,51.04
Central African Republic,CAF,2017,45.3
Central African Republic,CAF,2007,41.48
Central African Republic,CAF,2010,42.5
Central African Republic,CAF,2011,42.84
Central African Republic,CAF,2016,44.75
Canada,CAN,2013,70.98
Canada,CAN,2010,70.8
Canada,CAN,2011,70.86
Canada,CAN,2009,70.74
Canada,CAN,2007,70.62
Canada,CAN,2012,70.92
Canada,CAN,2014,71.04
Canada,CAN,2015,71.1
Canada,CAN,2016,71.15
Canada,CAN,2008,70.68
Canada,CAN,2005,70.5
Canada,CAN,2017,71.2
Canada,CAN,2018,71.25
Canada,CAN,2019,71.3
Canada,CAN,2020,71.35
Canada,CAN,2021,71.4
Canada,CAN,2022,71.45
Switzerland,CHE,2012,71.52
Switzerland,CHE,2014,71.64
Switzerland,CHE,2015,71.7
Switzerland,CHE,2009,71.34
Switzerland,CHE,2006,71.16
Switzerland,CHE,2016,71.9
Switzerland,CHE,2017,72.1
Switzerland,CHE,2018,72.3
Switzerland,CHE,2019,72.5
Switzerland,CHE,2020,72.7
Switzerland,CHE,2021,72.9
Switzerland,CHE,2022,73.1
Chile,CHL,2014,69.22
Chile,CHL,2013,69.04
Chile,CHL,2016,69.55
Chile,CHL,2017,69.7
Chile,CHL,2018,69.85
Chile,CHL,2019,70.0
Chile,CHL,2020,70.15
Chile,CHL,2021,70.3
Chile,CHL,2022,70.45
Chile,CHL,2010,68.5
Chile,CHL,2012,68.86
Chile,CHL,2015,69.4
Chile,CHL,2009,68.32
Chile,CHL,2011,68.68
Chile,CHL,2006,67.78
Chile,CHL,2008,68.14
Chile,CHL,2007,67.96
China,CHN,2017,68.25
China,CHN,2018,68.375
China,CHN,2019,68.5
China,CHN,2020,68.625
China,CHN,2021,68.75
China,CHN,2013,67.48
China,CHN,2015,68.0
China,CHN,2016,68.125
China,CHN,2011,66.96
China,CHN,2014,67.74
China,CHN,2012,67.22
China,CHN,2008,66.18
China,CHN,2007,65.92
China,CHN,2010,66.7
China,CHN,2006,65.66
China,CHN,2009,66.44
Ivory Coast,CIV,2017,53.65
Ivory Coast,CIV,2018,54.225
Ivory Coast,CIV,2019,54.8
Ivory Coast,CIV,2020,55.375
Ivory Coast,CIV,2021,55.95
Ivory Coast,CIV,2022,56.525
Ivory Coast,CIV,2016,53.075
Ivory Coast,CIV,2015,52.5
Ivory Coast,CIV,2013,51.3
Ivory Coast,CIV,2009,48.9
Ivory Coast,CIV,2014,51.9
Cameroon,CMR,2017,53.15
Cameroon,CMR,2018,53.825
Cameroon,CMR,2019,54.5
Cameroon,CMR,2020,55.175
Cameroon,CMR,2021,55.85
Cameroon,CMR,2022,56.525
Cameroon,CMR,2015,51.8
Cameroon,CMR,2016,52.475
Cameroon,CMR,2009,49.16
Cameroon,CMR,2010,49.6
Cameroon,CMR,2013,50.92
Cameroon,CMR,2011,50.04
Cameroon,CMR,2014,51.36
Cameroon,CMR,2007,48.28
Cameroon,CMR,2012,50.48
Cameroon,CMR,2008,48.72
Cameroon,CMR,2006,47.84
Colombia,COL,2013,67.86
Colombia,COL,2017,68.65
Colombia,COL,2018,68.825
Colombia,COL,2019,69.0
Colombia,COL,2020,69.175
Colombia,COL,2021,69.35
Colombia,COL,2022,69.525
Colombia,COL,2012,67.64
Colombia,COL,2014,68.08
Colombia,COL,2010,67.2
Colombia,COL,2011,67.42
Colombia,COL,2015,68.3
Colombia,COL,2016,68.475
Colombia,COL,2007,66.54
Colombia,COL,2006,66.32
Colombia,COL,2008,66.76
Colombia,COL,2009,66.98
Comoros,COM,2018,58.725
Comoros,COM,2019,58.9
Comoros,COM,2022,59.425
Comoros,COM,2012,57.48
Comoros,COM,2011,57.24
Comoros,COM,2010,57.0
Comoros,COM,2009,56.76
Costa Rica,CRI,2009,69.04
Costa Rica,CRI,2011,69.36
Costa Rica,CRI,2014,69.84
Costa Rica,CRI,2007,68.72
Costa Rica,CRI,2012,69.52
Costa Rica,CRI,2010,69.2
Costa Rica,CRI,2016,70.0
Costa Rica,CRI,2013,69.68
Costa Rica,CRI,2006,68.56
Costa Rica,CRI,2015,70.0
Costa Rica,CRI,2008,68.88
Costa Rica,CRI,2017,70.0
Costa Rica,CRI,2018,70.0
Costa Rica,CRI,2019,70.0
Costa Rica,CRI,2020,70.0
Costa Rica,CRI,2021,70.0
Costa Rica,CRI,2022,70.0
Cuba,CUB,2006,68.0
Cyprus,CYP,2011,70.96
Cyprus,CYP,2009,70.64
Cyprus,CYP,2006,70.16
Cyprus,CYP,2010,70.8
Cyprus,CYP,2017,72.0
Cyprus,CYP,2018,72.2
Cyprus,CYP,2019,72.4
Cyprus,CYP,2020,72.6
Cyprus,CYP,2021,72.8
Cyprus,CYP,2022,73.0
Cyprus,CYP,2012,71.12
Cyprus,CYP,2016,71.8
Cyprus,CYP,2014,71.44
Cyprus,CYP,2013,71.28
Cyprus,CYP,2015,71.6
Germany,DEU,2014,70.08
Germany,DEU,2015,70.1
Germany,DEU,2013,70.06
Germany,DEU,2016,70.3
Germany,DEU,2012,70.04
Germany,DEU,2011,70.02
Germany,DEU,2007,69.94
Germany,DEU,2009,69.98
Germany,DEU,2010,70.0
Germany,DEU,2008,69.96
Germany,DEU,2017,70.5
Germany,DEU,2018,70.7
Germany,DEU,2019,70.9
Germany,DEU,2020,71.1
Germany,DEU,2021,71.3
Germany,DEU,2022,71.5
Germany,DEU,2005,69.9
Djibouti,DJI,2008,53.64
Djibouti,DJI,2010,54.6
Djibouti,DJI,2009,54.12
Djibouti,DJI,2011,55.08
Denmark,DNK,2008,68.96
Denmark,DNK,2009,69.18
Denmark,DNK,2010,69.4
Denmark,DNK,2011,69.62
Denmark,DNK,2014,70.28
Denmark,DNK,2007,68.74
Denmark,DNK,2013,70.06
Denmark,DNK,2016,70.625
Denmark,DNK,2012,69.84
Denmark,DNK,2015,70.5
Denmark,DNK,2005,68.3
Denmark,DNK,2017,70.75
Denmark,DNK,2018,70.875
Denmark,DNK,2019,71.0
Denmark,DNK,2020,71.125
Denmark,DNK,2021,71.25
Denmark,DNK,2022,71.375
Dominican Republic,DOM,2017,63.6
Dominican Republic,DOM,2018,63.8
Dominican Republic,DOM,2019,64.0
Dominican Republic,DOM,2020,64.2
Dominican Republic,DOM,2021,64.4
Dominican Republic,DOM,2022,64.6
Dominican Republic,DOM,2011,64.16
Dominican Republic,DOM,2014,63.44
Dominican Republic,DOM,2009,64.64
Dominican Republic,DOM,2006,65.36
Dominican Republic,DOM,2016,63.4
Dominican Republic,DOM,2007,65.12
Dominican Republic,DOM,2013,63.68
Dominican Republic,DOM,2015,63.2
Dominican Republic,DOM,2008,64.88
Dominican Republic,DOM,2012,63.92
Dominican Republic,DOM,2010,64.4
Algeria,DZA,2017,66.2
Algeria,DZA,2018,66.3
Algeria,DZA,2019,66.4
Algeria,DZA,2020,66.5
Algeria,DZA,2021,66.6
Algeria,DZA,2014,65.9
Algeria,DZA,2012,65.7
Algeria,DZA,2011,65.6
Algeria,DZA,2010,65.5
Algeria,DZA,2016,66.1
Ecuador,ECU,2017,68.0
Ecuador,ECU,2018,68.25
Ecuador,ECU,2019,68.5
Ecuador,ECU,2020,68.75
Ecuador,ECU,2021,69.0
Ecuador,ECU,2022,69.25
Ecuador,ECU,2016,67.75
Ecuador,ECU,2013,66.82
Ecuador,ECU,2011,66.14
Ecuador,ECU,2012,66.48
Ecuador,ECU,2014,67.16
Ecuador,ECU,2009,65.46
Ecuador,ECU,2015,67.5
Ecuador,ECU,2010,65.8
Ecuador,ECU,2008,65.12
Ecuador,ECU,2006,64.44
Ecuador,ECU,2007,64.78
Egypt,EGY,2017,62.5
Egypt,EGY,2018,62.75
Egypt,EGY,2019,63.0
Egypt,EGY,2020,63.25
Egypt,EGY,2021,63.5
Egypt,EGY,2022,63.75
Egypt,EGY,2007,61.52
Egypt,EGY,2014,61.94
Egypt,EGY,2009,61.64
Egypt,EGY,2015,62.0
Egypt,EGY,2016,62.25
Egypt,EGY,2010,61.7
Egypt,EGY,2008,61.58
Egypt,EGY,2012,61.82
Egypt,EGY,2011,61.76
Egypt,EGY,2005,61.4
Egypt,EGY,2013,61.88
Spain,ESP,2008,70.76
Spain,ESP,2007,70.64
Spain,ESP,2014,71.48
Spain,ESP,2011,71.12
Spain,ESP,2016,71.725
Spain,ESP,2012,71.24
Spain,ESP,2015,71.6
Spain,ESP,2009,70.88
Spain,ESP,2010,71.0
Spain,ESP,2013,71.36
Spain,ESP,2005,70.4
Spain,ESP,2017,71.85
Spain,ESP,2018,71.975
Spain,ESP,2019,72.1
Spain,ESP,2020,72.225
Spain,ESP,2021,72.35
Spain,ESP,2022,72.475
Estonia,EST,2017,68.75
Estonia,EST,2018,68.975
Estonia,EST,2019,69.2
Estonia,EST,2020,69.425
Estonia,EST,2021,69.65
Estonia,EST,2022,69.875
Estonia,EST,2011,67.18
Estonia,EST,2008,66.34
Estonia,EST,2016,68.525
Estonia,EST,2015,68.3
Estonia,EST,2014,68.02
Estonia,EST,2006,65.78
Estonia,EST,2007,66.06
Estonia,EST,2013,67.74
Estonia,EST,2012,67.46
Estonia,EST,2009,66.62
Ethiopia,ETH,2017,59.1
Ethiopia,ETH,2018,59.5
Ethiopia,ETH,2019,59.9
Ethiopia,ETH,2020,60.3
Ethiopia,ETH,2022,61.1
Ethiopia,ETH,2014,57.64
Ethiopia,ETH,2012,56.32
Ethiopia,ETH,2013,56.98
Ethiopia,ETH,2015,58.3
Ethiopia,ETH,2016,58.7
Finland,FIN,2016,70.775
Finland,FIN,2006,68.72
Finland,FIN,2008,69.16
Finland,FIN,2014,70.48
Finland,FIN,2013,70.26
Finland,FIN,2012,70.04
Finland,FIN,2015,70.7
Finland,FIN,2010,69.6
Finland,FIN,2011,69.82
Finland,FIN,2017,70.85
Finland,FIN,2018,70.925
Finland,FIN,2019,71.0
Finland,FIN,2020,71.075
Finland,FIN,2021,71.15
Finland,FIN,2022,71.225
France,FRA,2011,71.3
France,FRA,2008,71.0
France,FRA,2006,70.8
France,FRA,2010,71.2
France,FRA,2013,71.5
France,FRA,2012,71.4
France,FRA,2016,71.8
France,FRA,2014,71.6
France,FRA,2015,71.7
France,FRA,2009,71.1
France,FRA,2017,71.9
France,FRA,2018,72.0
France,FRA,2019,72.1
France,FRA,2020,72.2
France,FRA,2021,72.3
France,FRA,2022,72.4
France,FRA,2005,70.7
Gabon,GAB,2017,56.95
Gabon,GAB,2018,57.275
Gabon,GAB,2019,57.6
Gabon,GAB,2020,57.925
Gabon,GAB,2021,58.25
Gabon,GAB,2022,58.575
Gabon,GAB,2016,56.625
Gabon,GAB,2015,56.3
Gabon,GAB,2011,54.46
Gabon,GAB,2014,55.84
Gabon,GAB,2013,55.38
Gabon,GAB,2012,54.92
United Kingdom,GBR,2013,69.58
United Kingdom,GBR,2010,69.4
United Kingdom,GBR,2014,69.64
United Kingdom,GBR,2011,69.46
United Kingdom,GBR,2007,69.22
United Kingdom,GBR,2008,69.28
United Kingdom,GBR,2012,69.52
United Kingdom,GBR,2016,69.8
United Kingdom,GBR,2009,69.34
United Kingdom,GBR,2015,69.7
United Kingdom,GBR,2005,69.1
United Kingdom,GBR,2017,69.9
United Kingdom,GBR,2018,70.0
United Kingdom,GBR,2019,70.1
United Kingdom,GBR,2020,70.2
United Kingdom,GBR,2021,70.3
United Kingdom,GBR,2022,70.4
Georgia,GEO,2017,64.45
Georgia,GEO,2018,64.575
Georgia,GEO,2019,64.7
Georgia,GEO,2020,64.825
Georgia,GEO,2021,64.95
Georgia,GEO,2022,65.075
Georgia,GEO,2013,64.0
Georgia,GEO,2016,64.325
Georgia,GEO,2014,64.1
Georgia,GEO,2012,63.9
Georgia,GEO,2015,64.2
Georgia,GEO,2011,63.8
Georgia,GEO,2008,63.5
Georgia,GEO,2010,63.7
Georgia,GEO,2006,63.3
Georgia,GEO,2009,63.6
Georgia,GEO,2007,63.4
Ghana,GHA,2017,57.25
Ghana,GHA,2018,57.625
Ghana,GHA,2019,58.0
Ghana,GHA,2020,58.375
Ghana,GHA,2021,58.75
Ghana,GHA,2022,59.125
Ghana,GHA,2011,54.74
Ghana,GHA,2007,52.98
Ghana,GHA,2012,55.18
Ghana,GHA,2008,53.42
Ghana,GHA,2013,55.62
Ghana,GHA,2016,56.875
Ghana,GHA,2010,54.3
Ghana,GHA,2006,52.54
Ghana,GHA,2015,56.5
Ghana,GHA,2014,56.06
Ghana,GHA,2009,53.86
Guinea,GIN,2017,52.4
Guinea,GIN,2018,52.85
Guinea,GIN,2019,53.3
Guinea,GIN,2020,53.75
Guinea,GIN,2021,54.2
Guinea,GIN,2022,54.65
Guinea,GIN,2013,51.26
Guinea,GIN,2011,51.02
Guinea,GIN,2016,51.95
Guinea,GIN,2012,51.14
Guinea,GIN,2014,51.38
Guinea,GIN,2015,51.5
Gambia,GMB,2017,56.4
Gambia,GMB,2018,56.7
Gambia,GMB,2019,57.0
Gambia,GMB,2022,57.9
Greece,GRC,2007,69.76
Greece,GRC,2009,69.92
Greece,GRC,2017,70.65
Greece,GRC,2018,70.775
Greece,GRC,2019,70.9
Greece,GRC,2020,71.025
Greece,GRC,2021,71.15
Greece,GRC,2022,71.275
Greece,GRC,2010,70.0
Greece,GRC,2015,70.4
Greece,GRC,2011,70.08
Greece,GRC,2016,70.525
Greece,GRC,2012,70.16
Greece,GRC,2005,69.6
Greece,GRC,2013,70.24
Greece,GRC,2014,70.32
Guatemala,GTM,2014,61.22
Guatemala,GTM,2007,59.26
Guatemala,GTM,2009,59.82
Guatemala,GTM,2015,61.5
Guatemala,GTM,2016,61.7
Guatemala,GTM,2010,60.1
Guatemala,GTM,2008,59.54
Guatemala,GTM,2006,58.98
Guatemala,GTM,2013,60.94
Guatemala,GTM,2011,60.38
Guatemala,GTM,2017,61.9
Guatemala,GTM,2018,62.1
Guatemala,GTM,2019,62.3
Guatemala,GTM,2022,62.9
Guatemala,GTM,2012,60.66
Guyana,GUY,2007,56.24
Honduras,HND,2009,62.5
Honduras,HND,2010,62.3
Honduras,HND,2017,62.15
Honduras,HND,2018,62.575
Honduras,HND,2019,63.0
Honduras,HND,2021,63.85
Honduras,HND,2022,64.275
Honduras,HND,2006,63.1
Honduras,HND,2008,62.7
Honduras,HND,2016,61.725
Honduras,HND,2007,62.9
Honduras,HND,2014,61.5
Honduras,HND,2011,62.1
Honduras,HND,2015,61.3
Honduras,HND,2013,61.7
Honduras,HND,2012,61.9
Croatia,HRV,2017,68.25
Croatia,HRV,2018,68.425
Croatia,HRV,2019,68.6
Croatia,HRV,2020,68.775
Croatia,HRV,2021,68.95
Croatia,HRV,2022,69.125
Croatia,HRV,2007,66.94
Croatia,HRV,2012,67.54
Croatia,HRV,2013,67.66
Croatia,HRV,2010,67.3
Croatia,HRV,2011,67.42
Croatia,HRV,2009,67.18
Croatia,HRV,2014,67.78
Croatia,HRV,2016,68.075
Croatia,HRV,2015,67.9
Haiti,HTI,2017,55.2
Haiti,HTI,2018,55.5
Haiti,HTI,2011,33.32
Haiti,HTI,2013,43.96
Haiti,HTI,2012,38.64
Haiti,HTI,2014,49.28
Haiti,HTI,2006,6.72
Haiti,HTI,2008,17.36
Haiti,HTI,2010,28.0
Haiti,HTI,2015,54.6
Haiti,HTI,2016,54.9
Hungary,HUN,2017,66.9
Hungary,HUN,2018,67.05
Hungary,HUN,2019,67.2
Hungary,HUN,2020,67.35
Hungary,HUN,2021,67.5
Hungary,HUN,2022,67.65
Hungary,HUN,2016,66.75
Hungary,HUN,2015,66.6
Hungary,HUN,2014,66.44
Hungary,HUN,2007,65.32
Hungary,HUN,2011,65.96
Hungary,HUN,2013,66.28
Hungary,HUN,2012,66.12
Hungary,HUN,2010,65.8
Hungary,HUN,2009,65.64
Hungary,HUN,2005,65.0
Indonesia,IDN,2017,62.55
Indonesia,IDN,2018,62.675
Indonesia,IDN,2019,62.8
Indonesia,IDN,2020,62.925
Indonesia,IDN,2021,63.05
Indonesia,IDN,2022,63.175
Indonesia,IDN,2014,62.08
Indonesia,IDN,2009,60.98
Indonesia,IDN,2013,61.86
Indonesia,IDN,2012,61.64
Indonesia,IDN,2010,61.2
Indonesia,IDN,2011,61.42
Indonesia,IDN,2007,60.54
Indonesia,IDN,2006,60.32
Indonesia,IDN,2016,62.425
Indonesia,IDN,2015,62.3
Indonesia,IDN,2008,60.76
India,IND,2017,59.7
India,IND,2018,60.0
India,IND,2019,60.3
India,IND,2020,60.6
India,IND,2021,60.9
India,IND,2022,61.2
India,IND,2006,55.86
India,IND,2008,56.58
India,IND,2007,56.22
India,IND,2010,57.3
India,IND,2012,58.02
India,IND,2013,58.38
India,IND,2011,57.66
India,IND,2014,58.74
India,IND,2009,56.94
India,IND,2015,59.1
India,IND,2016,59.4
Ireland,IRL,2008,69.86
Ireland,IRL,2010,70.1
Ireland,IRL,2014,70.58
Ireland,IRL,2006,69.62
Ireland,IRL,2009,69.98
Ireland,IRL,2016,70.8
Ireland,IRL,2011,70.22
Ireland,IRL,2012,70.34
Ireland,IRL,2015,70.7
Ireland,IRL,2013,70.46
Ireland,IRL,2017,70.9
Ireland,IRL,2018,71.0
Ireland,IRL,2019,71.1
Ireland,IRL,2020,71.2
Ireland,IRL,2021,71.3
Ireland,IRL,2022,71.4
Iraq,IRQ,2017,61.75
Iraq,IRQ,2018,62.225
Iraq,IRQ,2020,63.175
Iraq,IRQ,2021,63.65
Iraq,IRQ,2010,60.9
Iraq,IRQ,2013,60.84
Iraq,IRQ,2012,60.86
Iraq,IRQ,2014,60.82
Iraq,IRQ,2011,60.88
Iraq,IRQ,2008,60.94
Iraq,IRQ,2009,60.92
Iraq,IRQ,2016,61.275
Iraq,IRQ,2015,60.8
Iceland,ISL,2012,71.6
Iceland,ISL,2013,71.7
Iceland,ISL,2015,71.9
Iceland,ISL,2016,71.925
Iceland,ISL,2008,71.2
Iceland,ISL,2017,71.95
Iceland,ISL,2019,72.0
Iceland,ISL,2020,72.025
Iceland,ISL,2021,72.05
Iceland,ISL,2022,72.075
Israel,ISR,2011,71.48
Israel,ISR,2014,71.72
Israel,ISR,2009,71.32
Israel,ISR,2010,71.4
Israel,ISR,2013,71.64
Israel,ISR,2006,71.08
Israel,ISR,2016,71.95
Israel,ISR,2015,71.8
Israel,ISR,2008,71.24
Israel,ISR,2012,71.56
Israel,ISR,2007,71.16
Israel,ISR,2017,72.1
Israel,ISR,2018,72.25
Israel,ISR,2019,72.4
Israel,ISR,2020,72.55
Israel,ISR,2021,72.7
Israel,ISR,2022,72.85
Italy,ITA,2007,70.8
Italy,ITA,2008,70.9
Italy,ITA,2010,71.1
Italy,ITA,2009,71.0
Italy,ITA,2011,71.2
Italy,ITA,2013,71.4
Italy,ITA,2014,71.5
Italy,ITA,2016,71.675
Italy,ITA,2012,71.3
Italy,ITA,2015,71.6
Italy,ITA,2005,70.6
Italy,ITA,2017,71.75
Italy,ITA,2018,71.825
Italy,ITA,2019,71.9
Italy,ITA,2020,71.975
Italy,ITA,2021,72.05
Italy,ITA,2022,72.125
Jamaica,JAM,2006,66.6
Jamaica,JAM,2013,66.6
Jamaica,JAM,2017,66.6
Jamaica,JAM,2019,66.6
Jamaica,JAM,2020,66.6
Jamaica,JAM,2021,66.6
Jamaica,JAM,2022,66.6
Jamaica,JAM,2011,66.6
Jamaica,JAM,2014,66.6
Jordan,JOR,2009,66.52
Jordan,JOR,2007,66.16
Jordan,JOR,2011,66.88
Jordan,JOR,2017,67.6
Jordan,JOR,2018,67.6
Jordan,JOR,2019,67.6
Jordan,JOR,2020,67.6
Jordan,JOR,2021,67.6
Jordan,JOR,2022,67.6
Jordan,JOR,2010,66.7
Jordan,JOR,2014,67.42
Jordan,JOR,2015,67.6
Jordan,JOR,2013,67.24
Jordan,JOR,2012,67.06
Jordan,JOR,2016,67.6
Jordan,JOR,2005,65.8
Jordan,JOR,2008,66.34
Japan,JPN,2005,72.4
Japan,JPN,2007,72.64
Japan,JPN,2008,72.76
Japan,JPN,2009,72.88
Japan,JPN,2010,73.0
Japan,JPN,2011,73.12
Japan,JPN,2012,73.24
Japan,JPN,2013,73.36
Japan,JPN,2014,73.48
Japan,JPN,2015,73.6
Japan,JPN,2016,73.725
Japan,JPN,2017,73.85
Japan,JPN,2018,73.975
Japan,JPN,2019,74.1
Japan,JPN,2020,74.225
Japan,JPN,2021,74.35
Japan,JPN,2022,74.475
Kazakhstan,KAZ,2008,59.2
Kazakhstan,KAZ,2014,62.8
Kazakhstan,KAZ,2007,58.6
Kazakhstan,KAZ,2015,63.4
Kazakhstan,KAZ,2011,61.0
Kazakhstan,KAZ,2013,62.2
Kazakhstan,KAZ,2006,58.0
Kazakhstan,KAZ,2012,61.6
Kazakhstan,KAZ,2016,63.8
Kazakhstan,KAZ,2017,64.2
Kazakhstan,KAZ,2018,64.6
Kazakhstan,KAZ,2019,65.0
Kazakhstan,KAZ,2020,65.4
Kazakhstan,KAZ,2021,65.8
Kazakhstan,KAZ,2022,66.2
Kazakhstan,KAZ,2010,60.4
Kazakhstan,KAZ,2009,59.8
Kenya,KEN,2017,56.9
Kenya,KEN,2018,57.3
Kenya,KEN,2019,57.7
Kenya,KEN,2020,58.1
Kenya,KEN,2021,58.5
Kenya,KEN,2022,58.9
Kenya,KEN,2014,55.58
Kenya,KEN,2007,51.94
Kenya,KEN,2012,54.54
Kenya,KEN,2016,56.5
Kenya,KEN,2011,54.02
Kenya,KEN,2015,56.1
Kenya,KEN,2006,51.42
Kenya,KEN,2010,53.5
Kenya,KEN,2009,52.98
Kenya,KEN,2013,55.06
Kenya,KEN,2008,52.46
Kyrgyzstan,KGZ,2013,62.86
Kyrgyzstan,KGZ,2017,64.75
Kyrgyzstan,KGZ,2018,65.275
Kyrgyzstan,KGZ,2019,65.8
Kyrgyzstan,KGZ,2020,66.325
Kyrgyzstan,KGZ,2021,66.85
Kyrgyzstan,KGZ,2022,67.375
Kyrgyzstan,KGZ,2012,62.44
Kyrgyzstan,KGZ,2014,63.28
Kyrgyzstan,KGZ,2011,62.02
Kyrgyzstan,KGZ,2010,61.6
Kyrgyzstan,KGZ,2016,64.225
Kyrgyzstan,KGZ,2009,61.18
Kyrgyzstan,KGZ,2015,63.7
Kyrgyzstan,KGZ,2008,60.76
Kyrgyzstan,KGZ,2007,60.34
Kyrgyzstan,KGZ,2006,59.92
Cambodia,KHM,2017,61.1
Cambodia,KHM,2018,61.3
Cambodia,KHM,2019,61.5
Cambodia,KHM,2020,61.7
Cambodia,KHM,2021,61.9
Cambodia,KHM,2022,62.1
Cambodia,KHM,2016,60.9
Cambodia,KHM,2008,58.32
Cambodia,KHM,2015,60.7
Cambodia,KHM,2007,57.98
Cambodia,KHM,2010,59.0
Cambodia,KHM,2011,59.34
Cambodia,KHM,2014,60.36
Cambodia,KHM,2009,58.66
Cambodia,KHM,2013,60.02
Cambodia,KHM,2012,59.68
Cambodia,KHM,2006,57.64
South Korea,KOR,2011,71.12
South Korea,KOR,2010,70.9
South Korea,KOR,2012,71.34
South Korea,KOR,2016,72.275
South Korea,KOR,2007,70.24
South Korea,KOR,2013,71.56
South Korea,KOR,2014,71.78
South Korea,KOR,2015,72.0
South Korea,KOR,2009,70.68
South Korea,KOR,2008,70.46
South Korea,KOR,2006,70.02
South Korea,KOR,2017,72.55
South Korea,KOR,2018,72.825
South Korea,KOR,2019,73.1
South Korea,KOR,2020,73.375
South Korea,KOR,2021,73.65
South Korea,KOR,2022,73.925
Kuwait,KWT,2010,69.2
Kuwait,KWT,2009,69.0
Kuwait,KWT,2013,69.8
Kuwait,KWT,2006,68.4
Kuwait,KWT,2011,69.4
Kuwait,KWT,2012,69.6
Kuwait,KWT,2014,70.0
Kuwait,KWT,2015,70.2
Kuwait,KWT,2016,70.175
Kuwait,KWT,2017,70.15
Kuwait,KWT,2019,70.1
Lebanon,LBN,2017,65.85
Lebanon,LBN,2018,65.925
Lebanon,LBN,2019,66.0
Lebanon,LBN,2020,66.075
Lebanon,LBN,2021,66.15
Lebanon,LBN,2022,66.225
Lebanon,LBN,2011,65.46
Lebanon,LBN,2014,65.64
Lebanon,LBN,2015,65.7
Lebanon,LBN,2016,65.775
Lebanon,LBN,2009,65.34
Lebanon,LBN,2013,65.58
Lebanon,LBN,2010,65.4
Lebanon,LBN,2006,65.16
Lebanon,LBN,2005,65.1
Lebanon,LBN,2008,65.28
Lebanon,LBN,2012,65.52
Liberia,LBR,2017,53.7
Liberia,LBR,2018,54.3
Liberia,LBR,2019,54.9
Liberia,LBR,2022,56.7
Liberia,LBR,2014,52.42
Liberia,LBR,2010,52.1
Liberia,LBR,2008,51.94
Liberia,LBR,2016,53.1
Liberia,LBR,2007,51.86
Liberia,LBR,2015,52.5
Libya,LBY,2012,65.14
Libya,LBY,2015,64.3
Libya,LBY,2016,64.525
Libya,LBY,2017,64.75
Libya,LBY,2018,64.975
Libya,LBY,2019,65.2
Sri Lanka,LKA,2015,66.6
Sri Lanka,LKA,2013,65.64
Sri Lanka,LKA,2006,62.28
Sri Lanka,LKA,2014,66.12
Sri Lanka,LKA,2007,62.76
Sri Lanka,LKA,2008,63.24
Sri Lanka,LKA,2017,66.8
Sri Lanka,LKA,2018,66.9
Sri Lanka,LKA,2019,67.0
Sri Lanka,LKA,2020,67.1
Sri Lanka,LKA,2021,67.2
Sri Lanka,LKA,2012,65.16
Sri Lanka,LKA,2011,64.68
Sri Lanka,LKA,2009,63.72
Sri Lanka,LKA,2010,64.2
Lesotho,LSO,2017,42.9
Lesotho,LSO,2019,44.2
Lesotho,LSO,2011,41.52
Lesotho,LSO,2016,42.25
Lithuania,LTU,2006,63.5
Lithuania,LTU,2007,63.7
Lithuania,LTU,2014,65.1
Lithuania,LTU,2008,63.9
Lithuania,LTU,2016,65.65
Lithuania,LTU,2012,64.7
Lithuania,LTU,2011,64.5
Lithuania,LTU,2013,64.9
Lithuania,LTU,2015,65.3
Lithuania,LTU,2009,64.1
Lithuania,LTU,2017,66.0
Lithuania,LTU,2018,66.35
Lithuania,LTU,2019,66.7
Lithuania,LTU,2020,67.05
Lithuania,LTU,2021,67.4
Lithuania,LTU,2022,67.75
Lithuania,LTU,2010,64.3
Luxembourg,LUX,2011,70.7
Luxembourg,LUX,2013,71.1
Luxembourg,LUX,2016,71.525
Luxembourg,LUX,2010,70.5
Luxembourg,LUX,2014,71.3
Luxembourg,LUX,2012,70.9
Luxembourg,LUX,2015,71.5
Luxembourg,LUX,2009,70.3
Luxembourg,LUX,2017,71.55
Luxembourg,LUX,2018,71.575
Luxembourg,LUX,2019,71.6
Luxembourg,LUX,2022,71.675
Latvia,LVA,2016,65.9
Latvia,LVA,2015,65.8
Latvia,LVA,2014,65.5
Latvia,LVA,2017,66.0
Latvia,LVA,2018,66.1
Latvia,LVA,2019,66.2
Latvia,LVA,2020,66.3
Latvia,LVA,2021,66.4
Latvia,LVA,2022,66.5
Latvia,LVA,2008,63.7
Latvia,LVA,2012,64.9
Latvia,LVA,2013,65.2
Latvia,LVA,2011,64.6
Latvia,LVA,2006,63.1
Latvia,LVA,2007,63.4
Latvia,LVA,2009,64.0
Morocco,MAR,2016,63.4
Morocco,MAR,2011,62.66
Morocco,MAR,2013,62.98
Morocco,MAR,2015,63.3
Morocco,MAR,2017,63.5
Morocco,MAR,2018,63.6
Morocco,MAR,2019,63.7
Morocco,MAR,2020,63.8
Morocco,MAR,2021,63.9
Morocco,MAR,2022,64.0
Morocco,MAR,2012,62.82
Morocco,MAR,2010,62.5
Madagascar,MDG,2017,56.8
Madagascar,MDG,2018,57.05
Madagascar,MDG,2019,57.3
Madagascar,MDG,2022,58.05
Madagascar,MDG,2008,54.62
Madagascar,MDG,2011,55.34
Madagascar,MDG,2006,54.14
Madagascar,MDG,2013,55.82
Madagascar,MDG,2014,56.06
Madagascar,MDG,2016,56.55
Madagascar,MDG,2015,56.3
Madagascar,MDG,2012,55.58
Maldives,MDV,2018,69.775
Mexico,MEX,2013,65.52
Mexico,MEX,2012,65.38
Mexico,MEX,2011,65.24
Mexico,MEX,2016,65.8
Mexico,MEX,2009,64.96
Mexico,MEX,2014,65.66
Mexico,MEX,2010,65.1
Mexico,MEX,2007,64.68
Mexico,MEX,2008,64.82
Mexico,MEX,2015,65.8
Mexico,MEX,2005,64.4
Mexico,MEX,2017,65.8
Mexico,MEX,2018,65.8
Mexico,MEX,2019,65.8
Mexico,MEX,2020,65.8
Mexico,MEX,2021,65.8
Mexico,MEX,2022,65.8
Mali,MLI,2017,53.8
Mali,MLI,2018,54.2
Mali,MLI,2019,54.6
Mali,MLI,2020,55.0
Mali,MLI,2021,55.4
Mali,MLI,2022,55.8
Mali,MLI,2011,51.64
Mali,MLI,2015,53.0
Mali,MLI,2012,51.98
Mali,MLI,2006,49.94
Mali,MLI,2014,52.66
Mali,MLI,2016,53.4
Mali,MLI,2008,50.62
Mali,MLI,2013,52.32
Mali,MLI,2009,50.96
Mali,MLI,2010,51.3
Malta,MLT,2015,71.3
Malta,MLT,2016,71.35
Malta,MLT,2014,71.12
Malta,MLT,2013,70.94
Malta,MLT,2009,70.22
Malta,MLT,2011,70.58
Malta,MLT,2012,70.76
Malta,MLT,2010,70.4
Malta,MLT,2017,71.4
Malta,MLT,2018,71.45
Malta,MLT,2019,71.5
Malta,MLT,2020,71.55
Malta,MLT,2021,71.6
Malta,MLT,2022,71.65
Myanmar,MMR,2017,60.25
Myanmar,MMR,2018,60.575
Myanmar,MMR,2019,60.9
Myanmar,MMR,2020,61.225
Myanmar,MMR,2021,61.55
Myanmar,MMR,2014,59.12
Myanmar,MMR,2016,59.925
Myanmar,MMR,2012,58.16
Myanmar,MMR,2013,58.64
Myanmar,MMR,2015,59.6
Montenegro,MNE,2011,66.28
Montenegro,MNE,2012,66.36
Montenegro,MNE,2014,66.52
Montenegro,MNE,2010,66.2
Montenegro,MNE,2007,65.96
Montenegro,MNE,2016,66.7
Montenegro,MNE,2015,66.6
Montenegro,MNE,2013,66.44
Montenegro,MNE,2017,66.8
Montenegro,MNE,2018,66.9
Montenegro,MNE,2019,67.0
Montenegro,MNE,2020,67.1
Montenegro,MNE,2009,66.12
Mongolia,MNG,2011,58.22
Mongolia,MNG,2017,60.1
Mongolia,MNG,2018,60.2
Mongolia,MNG,2019,60.3
Mongolia,MNG,2020,60.4
Mongolia,MNG,2021,60.5
Mongolia,MNG,2022,60.6
Mongolia,MNG,2016,60.0
Mongolia,MNG,2015,59.9
Mongolia,MNG,2013,59.06
Mongolia,MNG,2012,58.64
Mongolia,MNG,2014,59.48
Mongolia,MNG,2007,56.54
Mongolia,MNG,2010,57.8
Mongolia,MNG,2008,56.96
Mozambique,MOZ,2011,46.92
Mozambique,MOZ,2017,49.5
Mozambique,MOZ,2018,49.95
Mozambique,MOZ,2019,50.4
Mozambique,MOZ,2021,51.3
Mozambique,MOZ,2022,51.75
Mozambique,MOZ,2007,45.24
Mozambique,MOZ,2008,45.66
Mozambique,MOZ,2006,44.82
Mozambique,MOZ,2015,48.6
Mauritania,MRT,2017,59.35
Mauritania,MRT,2018,59.575
Mauritania,MRT,2019,59.8
Mauritania,MRT,2022,60.475
Mauritania,MRT,2010,57.4
Mauritania,MRT,2012,58.0
Mauritania,MRT,2011,57.7
Mauritania,MRT,2014,58.6
Mauritania,MRT,2016,59.125
Mauritania,MRT,2013,58.3
Mauritania,MRT,2009,57.1
Mauritania,MRT,2008,56.8
Mauritania,MRT,2015,58.9
Mauritania,MRT,2007,56.5
Mauritius,MUS,2011,63.52
Mauritius,MUS,2014,63.88
Mauritius,MUS,2016,63.975
Mauritius,MUS,2017,63.95
Mauritius,MUS,2018,63.925
Mauritius,MUS,2019,63.9
Mauritius,MUS,2020,63.875
Mauritius,MUS,2021,63.85
Mauritius,MUS,2022,63.825
Malawi,MWI,2017,56.0
Malawi,MWI,2018,56.55
Malawi,MWI,2019,57.1
Malawi,MWI,2021,58.2
Malawi,MWI,2022,58.75
Malawi,MWI,2007,46.42
Malawi,MWI,2009,48.54
Malawi,MWI,2014,53.84
Malawi,MWI,2013,52.78
Malawi,MWI,2012,51.72
Malawi,MWI,2006,45.36
Malawi,MWI,2015,54.9
Malawi,MWI,2011,50.66
Malawi,MWI,2016,55.45
Malaysia,MYS,2007,65.16
Malaysia,MYS,2015,65.8
Malaysia,MYS,2006,65.08
Malaysia,MYS,2008,65.24
Malaysia,MYS,2014,65.72
Malaysia,MYS,2011,65.48
Malaysia,MYS,2012,65.56
Malaysia,MYS,2013,65.64
Malaysia,MYS,2010,65.4
Malaysia,MYS,2009,65.32
Malaysia,MYS,2018,65.725
Malaysia,MYS,2019,65.7
Malaysia,MYS,2020,65.675
Malaysia,MYS,2021,65.65
Namibia,NAM,2017,55.35
Namibia,NAM,2018,55.725
Namibia,NAM,2019,56.1
Namibia,NAM,2020,56.475
Namibia,NAM,2021,56.85
Namibia,NAM,2022,57.225
Namibia,NAM,2007,51.88
Namibia,NAM,2014,54.26
Niger,NER,2017,54.8
Niger,NER,2018,55.15
Niger,NER,2019,55.5
Niger,NER,2022,56.55
Niger,NER,2011,52.34
Niger,NER,2016,54.45
Niger,NER,2014,53.66
Niger,NER,2007,50.58
Niger,NER,2008,51.02
Niger,NER,2009,51.46
Niger,NER,2013,53.22
Niger,NER,2010,51.9
Niger,NER,2006,50.14
Niger,NER,2015,54.1
Niger,NER,2012,52.78
Nigeria,NGA,2012,52.14
Nigeria,NGA,2016,53.425
Nigeria,NGA,2008,50.86
Nigeria,NGA,2007,50.54
Nigeria,NGA,2015,53.1
Nigeria,NGA,2017,53.75
Nigeria,NGA,2018,54.075
Nigeria,NGA,2019,54.4
Nigeria,NGA,2020,54.725
Nigeria,NGA,2021,55.05
Nigeria,NGA,2013,52.46
Nigeria,NGA,2010,51.5
Nigeria,NGA,2006,50.22
Nigeria,NGA,2009,51.18
Nicaragua,NIC,2014,65.1
Nicaragua,NIC,2016,65.275
Nicaragua,NIC,2015,65.2
Nicaragua,NIC,2013,65.0
Nicaragua,NIC,2010,64.7
Nicaragua,NIC,2011,64.8
Nicaragua,NIC,2012,64.9
Nicaragua,NIC,2009,64.6
Nicaragua,NIC,2008,64.5
Nicaragua,NIC,2007,64.4
Nicaragua,NIC,2017,65.35
Nicaragua,NIC,2018,65.425
Nicaragua,NIC,2019,65.5
Nicaragua,NIC,2020,65.575
Nicaragua,NIC,2021,65.65
Nicaragua,NIC,2022,65.725
Nicaragua,NIC,2006,64.3
Netherlands,NLD,2011,70.94
Netherlands,NLD,2010,70.9
Netherlands,NLD,2016,71.175
Netherlands,NLD,2012,70.98
Netherlands,NLD,2014,71.06
Netherlands,NLD,2008,70.82
Netherlands,NLD,2007,70.78
Netherlands,NLD,2013,71.02
Netherlands,NLD,2015,71.1
Netherlands,NLD,2005,70.7
Netherlands,NLD,2017,71.25
Netherlands,NLD,2018,71.325
Netherlands,NLD,2019,71.4
Netherlands,NLD,2020,71.475
Netherlands,NLD,2021,71.55
Netherlands,NLD,2022,71.625
Norway,NOR,2015,71.2
Norway,NOR,2012,70.6
Norway,NOR,2016,71.25
Norway,NOR,2014,71.0
Norway,NOR,2008,69.8
Norway,NOR,2006,69.4
Norway,NOR,2017,71.3
Norway,NOR,2018,71.35
Norway,NOR,2019,71.4
Norway,NOR,2020,71.45
Norway,NOR,2021,71.5
Norway,NOR,2022,71.55
Nepal,NPL,2014,60.14
Nepal,NPL,2016,60.475
Nepal,NPL,2017,60.75
Nepal,NPL,2018,61.025
Nepal,NPL,2019,61.3
Nepal,NPL,2020,61.575
Nepal,NPL,2021,61.85
Nepal,NPL,2022,62.125
Nepal,NPL,2007,59.72
Nepal,NPL,2015,60.2
Nepal,NPL,2009,59.84
Nepal,NPL,2013,60.08
Nepal,NPL,2006,59.66
Nepal,NPL,2008,59.78
Nepal,NPL,2010,59.9
Nepal,NPL,2012,60.02
Nepal,NPL,2011,59.96
New Zealand,NZL,2007,69.74
New Zealand,NZL,2014,69.88
New Zealand,NZL,2015,69.9
New Zealand,NZL,2006,69.72
New Zealand,NZL,2011,69.82
New Zealand,NZL,2016,69.975
New Zealand,NZL,2008,69.76
New Zealand,NZL,2012,69.84
New Zealand,NZL,2013,69.86
New Zealand,NZL,2010,69.8
New Zealand,NZL,2017,70.05
New Zealand,NZL,2018,70.125
New Zealand,NZL,2019,70.2
New Zealand,NZL,2020,70.275
New Zealand,NZL,2021,70.35
New Zealand,NZL,2022,70.425
Oman,OMN,2011,62.34
Pakistan,PAK,2007,53.72
Pakistan,PAK,2010,54.5
Pakistan,PAK,2016,56.075
Pakistan,PAK,2014,55.54
Pakistan,PAK,2011,54.76
Pakistan,PAK,2012,55.02
Pakistan,PAK,2013,55.28
Pakistan,PAK,2009,54.24
Pakistan,PAK,2017,56.35
Pakistan,PAK,2018,56.625
Pakistan,PAK,2019,56.9
Pakistan,PAK,2020,57.175
Pakistan,PAK,2021,57.45
Pakistan,PAK,2015,55.8
Pakistan,PAK,2005,53.2
Pakistan,PAK,2008,53.98
Panama,PAN,2011,67.66
Panama,PAN,2010,67.5
Panama,PAN,2009,67.34
Panama,PAN,2007,67.02
Panama,PAN,2013,67.98
Panama,PAN,2008,67.18
Panama,PAN,2012,67.82
Panama,PAN,2014,68.14
Panama,PAN,2015,68.3
Panama,PAN,2006,66.86
Panama,PAN,2016,68.4
Panama,PAN,2017,68.5
Panama,PAN,2018,68.6
Panama,PAN,2019,68.7
Panama,PAN,2021,68.9
Panama,PAN,2022,69.0
Peru,PER,2011,67.76
Peru,PER,2014,68.54
Peru,PER,2012,68.02
Peru,PER,2013,68.28
Peru,PER,2016,68.975
Peru,PER,2010,67.5
Peru,PER,2009,67.24
Peru,PER,2015,68.8
Peru,PER,2007,66.72
Peru,PER,2008,66.98
Peru,PER,2006,66.46
Peru,PER,2017,69.15
Peru,PER,2018,69.325
Peru,PER,2019,69.5
Peru,PER,2020,69.675
Peru,PER,2021,69.85
Peru,PER,2022,70.025
Philippines,PHL,2015,61.9
Philippines,PHL,2014,61.84
Philippines,PHL,2016,61.925
Philippines,PHL,2011,61.66
Philippines,PHL,2007,61.42
Philippines,PHL,2012,61.72
Philippines,PHL,2013,61.78
Philippines,PHL,2010,61.6
Philippines,PHL,2006,61.36
Philippines,PHL,2017,61.95
Philippines,PHL,2018,61.975
Philippines,PHL,2019,62.0
Philippines,PHL,2020,62.025
Philippines,PHL,2021,62.05
Philippines,PHL,2009,61.54
Philippines,PHL,2008,61.48
Poland,POL,2016,68.175
Poland,POL,2007,66.56
Poland,POL,2015,68.0
Poland,POL,2010,67.1
Poland,POL,2012,67.46
Poland,POL,2011,67.28
Poland,POL,2009,66.92
Poland,POL,2014,67.82
Poland,POL,2013,67.64
Poland,POL,2005,66.2
Poland,POL,2017,68.35
Poland,POL,2018,68.525
Poland,POL,2019,68.7
Poland,POL,2020,68.875
Poland,POL,2021,69.05
Poland,POL,2022,69.225
Portugal,PRT,2008,68.82
Portugal,PRT,2006,68.34
Portugal,PRT,2016,70.625
Portugal,PRT,2011,69.54
Portugal,PRT,2013,70.02
Portugal,PRT,2014,70.26
Portugal,PRT,2010,69.3
Portugal,PRT,2015,70.5
Portugal,PRT,2012,69.78
Portugal,PRT,2017,70.75
Portugal,PRT,2018,70.875
Portugal,PRT,2019,71.0
Portugal,PRT,2020,71.125
Portugal,PRT,2021,71.25
Portugal,PRT,2022,71.375
Paraguay,PRY,2013,65.44
Paraguay,PRY,2008,65.04
Paraguay,PRY,2010,65.2
Paraguay,PRY,2011,65.28
Paraguay,PRY,2012,65.36
Paraguay,PRY,2016,65.65
Paraguay,PRY,2009,65.12
Paraguay,PRY,2007,64.96
Paraguay,PRY,2015,65.6
Paraguay,PRY,2014,65.52
Paraguay,PRY,2006,64.88
Paraguay,PRY,2017,65.7
Paraguay,PRY,2019,65.8
Paraguay,PRY,2020,65.85
Paraguay,PRY,2021,65.9
Paraguay,PRY,2022,65.95
Qatar,QAT,2010,64.7
Qatar,QAT,2011,65.04
Qatar,QAT,2012,65.38
Qatar,QAT,2009,64.36
Qatar,QAT,2015,66.4
Romania,ROU,2016,66.425
Romania,ROU,2014,66.12
Romania,ROU,2015,66.3
Romania,ROU,2007,64.86
Romania,ROU,2009,65.22
Romania,ROU,2012,65.76
Romania,ROU,2011,65.58
Romania,ROU,2013,65.94
Romania,ROU,2010,65.4
Romania,ROU,2017,66.55
Romania,ROU,2018,66.675
Romania,ROU,2019,66.8
Romania,ROU,2020,66.925
Romania,ROU,2021,67.05
Romania,ROU,2022,67.175
Romania,ROU,2005,64.5
Russia,RUS,2014,62.26
Russia,RUS,2015,62.7
Russia,RUS,2008,59.62
Russia,RUS,2016,63.075
Russia,RUS,2012,61.38
Russia,RUS,2013,61.82
Russia,RUS,2011,60.94
Russia,RUS,2007,59.18
Russia,RUS,2010,60.5
Russia,RUS,2006,58.74
Russia,RUS,2009,60.06
Russia,RUS,2017,63.45
Russia,RUS,2018,63.825
Russia,RUS,2019,64.2
Russia,RUS,2020,64.575
Russia,RUS,2021,64.95
Russia,RUS,2022,65.325
Rwanda,RWA,2017,59.55
Rwanda,RWA,2018,59.875
Rwanda,RWA,2019,60.2
Rwanda,RWA,2006,53.5
Rwanda,RWA,2008,54.7
Rwanda,RWA,2011,56.5
Rwanda,RWA,2014,58.3
Rwanda,RWA,2009,55.3
Rwanda,RWA,2015,58.9
Rwanda,RWA,2016,59.225
Rwanda,RWA,2012,57.1
Rwanda,RWA,2013,57.7
Saudi Arabia,SAU,2007,61.6
Saudi Arabia,SAU,2011,62.4
Saudi Arabia,SAU,2008,61.8
Saudi Arabia,SAU,2016,63.4
Saudi Arabia,SAU,2012,62.6
Saudi Arabia,SAU,2013,62.8
Saudi Arabia,SAU,2014,63.0
Saudi Arabia,SAU,2010,62.2
Saudi Arabia,SAU,2015,63.2
Saudi Arabia,SAU,2009,62.0
Saudi Arabia,SAU,2005,61.2
Saudi Arabia,SAU,2017,63.6
Saudi Arabia,SAU,2018,63.8
Saudi Arabia,SAU,2019,64.0
Saudi Arabia,SAU,2020,64.2
Saudi Arabia,SAU,2021,64.4
Saudi Arabia,SAU,2022,64.6
Sudan,SDN,2012,58.18
Sudan,SDN,2010,57.7
Sudan,SDN,2009,57.46
Sudan,SDN,2011,57.94
Sudan,SDN,2014,58.66
Senegal,SEN,2008,56.1
Senegal,SEN,2016,58.5
Senegal,SEN,2007,55.8
Senegal,SEN,2015,58.2
Senegal,SEN,2017,58.8
Senegal,SEN,2018,59.1
Senegal,SEN,2019,59.4
Senegal,SEN,2020,59.7
Senegal,SEN,2021,60.0
Senegal,SEN,2022,60.3
Senegal,SEN,2006,55.5
Senegal,SEN,2014,57.9
Senegal,SEN,2010,56.7
Senegal,SEN,2009,56.4
Senegal,SEN,2011,57.0
Senegal,SEN,2013,57.6
Senegal,SEN,2012,57.3
Singapore,SGP,2014,73.02
Singapore,SGP,2007,71.76
Singapore,SGP,2015,73.2
Singapore,SGP,2006,71.58
Singapore,SGP,2010,72.3
Singapore,SGP,2011,72.48
Singapore,SGP,2013,72.84
Singapore,SGP,2008,71.94
Singapore,SGP,2016,73.3
Singapore,SGP,2009,72.12
Singapore,SGP,2017,73.4
Singapore,SGP,2018,73.5
Singapore,SGP,2019,73.6
Singapore,SGP,2021,73.8
Sierra Leone,SLE,2015,49.7
Sierra Leone,SLE,2016,50.5
Sierra Leone,SLE,2013,48.94
Sierra Leone,SLE,2014,49.32
Sierra Leone,SLE,2017,51.3
Sierra Leone,SLE,2018,52.1
Sierra Leone,SLE,2019,52.9
Sierra Leone,SLE,2021,54.5
Sierra Leone,SLE,2022,55.3
Sierra Leone,SLE,2011,48.18
Sierra Leone,SLE,2010,47.8
Sierra Leone,SLE,2006,46.28
Sierra Leone,SLE,2007,46.66
Sierra Leone,SLE,2008,47.04
El Salvador,SLV,2009,64.58
El Salvador,SLV,2010,64.4
El Salvador,SLV,2013,63.86
El Salvador,SLV,2016,63.85
El Salvador,SLV,2017,64.2
El Salvador,SLV,2018,64.55
El Salvador,SLV,2019,64.9
El Salvador,SLV,2020,65.25
El Salvador,SLV,2021,65.6
El Salvador,SLV,2022,65.95
El Salvador,SLV,2015,63.5
El Salvador,SLV,2012,64.04
El Salvador,SLV,2006,65.12
El Salvador,SLV,2014,63.68
El Salvador,SLV,2007,64.94
El Salvador,SLV,2008,64.76
El Salvador,SLV,2011,64.22
Somalia,SOM,2014,47.66
Somalia,SOM,2015,48.1
Somalia,SOM,2016,48.5
Serbia,SRB,2016,66.525
Serbia,SRB,2015,66.4
Serbia,SRB,2012,65.98
Serbia,SRB,2013,66.12
Serbia,SRB,2014,66.26
Serbia,SRB,2007,65.28
Serbia,SRB,2011,65.84
Serbia,SRB,2017,66.65
Serbia,SRB,2018,66.775
Serbia,SRB,2019,66.9
Serbia,SRB,2020,67.025
Serbia,SRB,2021,67.15
Serbia,SRB,2010,65.7
Serbia,SRB,2009,65.56
South Sudan,SSD,2017,53.35
South Sudan,SSD,2015,53.0
South Sudan,SSD,2014,52.88
South Sudan,SSD,2016,53.175
Suriname,SUR,2012,62.84
Slovakia,SVK,2014,67.38
Slovakia,SVK,2011,66.72
Slovakia,SVK,2015,67.6
Slovakia,SVK,2016,67.825
Slovakia,SVK,2010,66.5
Slovakia,SVK,2013,67.16
Slovakia,SVK,2012,66.94
Slovakia,SVK,2006,65.62
Slovakia,SVK,2017,68.05
Slovakia,SVK,2018,68.275
Slovakia,SVK,2019,68.5
Slovakia,SVK,2020,68.725
Slovakia,SVK,2021,68.95
Slovenia,SVN,2011,69.36
Slovenia,SVN,2012,69.52
Slovenia,SVN,2010,69.2
Slovenia,SVN,2013,69.68
Slovenia,SVN,2006,68.56
Slovenia,SVN,2016,70.175
Slovenia,SVN,2009,69.04
Slovenia,SVN,2014,69.84
Slovenia,SVN,2015,70.0
Slovenia,SVN,2017,70.35
Slovenia,SVN,2018,70.525
Slovenia,SVN,2019,70.7
Slovenia,SVN,2020,70.875
Slovenia,SVN,2021,71.05
Slovenia,SVN,2022,71.225
Sweden,SWE,2012,71.28
Sweden,SWE,2010,71.2
Sweden,SWE,2011,71.24
Sweden,SWE,2013,71.32
Sweden,SWE,2016,71.525
Sweden,SWE,2008,71.12
Sweden,SWE,2009,71.16
Sweden,SWE,2014,71.36
Sweden,SWE,2015,71.4
Sweden,SWE,2007,71.08
Sweden,SWE,2005,71.0
Sweden,SWE,2017,71.65
Sweden,SWE,2018,71.775
Sweden,SWE,2019,71.9
Sweden,SWE,2020,72.025
Sweden,SWE,2021,72.15
Sweden,SWE,2022,72.275
Chad,TCD,2017,51.25
Chad,TCD,2018,51.625
Chad,TCD,2019,52.0
Chad,TCD,2022,53.125
Chad,TCD,2008,47.84
Chad,TCD,2011,48.98
Chad,TCD,2015,50.5
Chad,TCD,2016,50.875
Chad,TCD,2012,49.36
Chad,TCD,2007,47.46
Chad,TCD,2014,50.12
Chad,TCD,2010,48.6
Chad,TCD,2013,49.74
Chad,TCD,2006,47.08
Chad,TCD,2009,48.22
Togo,TGO,2017,55.2
Togo,TGO,2018,55.7
Togo,TGO,2019,56.2
Togo,TGO,2021,57.2
Togo,TGO,2022,57.7
Togo,TGO,2016,54.7
Togo,TGO,2015,54.2
Togo,TGO,2006,50.24
Togo,TGO,2008,51.12
Togo,TGO,2011,52.44
Togo,TGO,2014,53.76
Thailand,THA,2014,67.82
Thailand,THA,2011,67.28
Thailand,THA,2012,67.46
Thailand,THA,2013,67.64
Thailand,THA,2010,67.1
Thailand,THA,2015,68.0
Thailand,THA,2016,68.075
Thailand,THA,2006,66.38
Thailand,THA,2007,66.56
Thailand,THA,2008,66.74
Thailand,THA,2009,66.92
Thailand,THA,2017,68.15
Thailand,THA,2018,68.225
Thailand,THA,2019,68.3
Thailand,THA,2020,68.375
Thailand,THA,2021,68.45
Thailand,THA,2022,68.525
Tajikistan,TJK,2008,60.7
Tajikistan,TJK,2015,61.4
Tajikistan,TJK,2016,61.55
Tajikistan,TJK,2013,61.2
Tajikistan,TJK,2014,61.3
Tajikistan,TJK,2006,60.5
Tajikistan,TJK,2012,61.1
Tajikistan,TJK,2009,60.8
Tajikistan,TJK,2010,60.9
Tajikistan,TJK,2007,60.6
Tajikistan,TJK,2011,61.0
Tajikistan,TJK,2017,61.7
Tajikistan,TJK,2018,61.85
Tajikistan,TJK,2019,62.0
Tajikistan,TJK,2020,62.15
Tajikistan,TJK,2021,62.3
Turkmenistan,TKM,2009,59.78
Turkmenistan,TKM,2011,60.42
Turkmenistan,TKM,2016,61.8
Turkmenistan,TKM,2014,61.38
Turkmenistan,TKM,2015,61.7
Turkmenistan,TKM,2013,61.06
Turkmenistan,TKM,2012,60.74
Turkmenistan,TKM,2017,61.9
Turkmenistan,TKM,2018,62.0
Turkmenistan,TKM,2019,62.1
Trinidad and Tobago,TTO,2008,62.54
Trinidad and Tobago,TTO,2011,63.68
Trinidad and Tobago,TTO,2013,64.44
Trinidad and Tobago,TTO,2006,61.78
Trinidad and Tobago,TTO,2017,65.7
Tunisia,TUN,2013,66.54
Tunisia,TUN,2015,66.7
Tunisia,TUN,2010,66.3
Tunisia,TUN,2011,66.38
Tunisia,TUN,2014,66.62
Tunisia,TUN,2009,66.22
Tunisia,TUN,2016,66.75
Tunisia,TUN,2012,66.46
Tunisia,TUN,2017,66.8
Tunisia,TUN,2018,66.85
Tunisia,TUN,2019,66.9
Tunisia,TUN,2020,66.95
Tunisia,TUN,2021,67.0
Tunisia,TUN,2022,67.05
Uganda,UGA,2011,52.94
Uganda,UGA,2008,50.42
Uganda,UGA,2009,51.26
Uganda,UGA,2007,49.58
Uganda,UGA,2016,56.775
Uganda,UGA,2015,56.3
Uganda,UGA,2012,53.78
Uganda,UGA,2010,52.1
Uganda,UGA,2013,54.62
Uganda,UGA,2014,55.46
Uganda,UGA,2017,57.25
Uganda,UGA,2018,57.725
Uganda,UGA,2019,58.2
Uganda,UGA,2020,58.675
Uganda,UGA,2021,59.15
Uganda,UGA,2006,48.74
Ukraine,UKR,2007,61.24
Ukraine,UKR,2008,61.56
Ukraine,UKR,2011,62.52
Ukraine,UKR,2012,62.84
Ukraine,UKR,2009,61.88
Ukraine,UKR,2010,62.2
Ukraine,UKR,2006,60.92
Ukraine,UKR,2013,63.16
Ukraine,UKR,2014,63.48
Ukraine,UKR,2015,63.8
Ukraine,UKR,2016,63.925
Ukraine,UKR,2017,64.05
Ukraine,UKR,2018,64.175
Ukraine,UKR,2019,64.3
Ukraine,UKR,2020,64.425
Ukraine,UKR,2021,64.55
Ukraine,UKR,2022,64.675
Uruguay,URY,2015,67.5
Uruguay,URY,2014,67.42
Uruguay,URY,2011,67.18
Uruguay,URY,2012,67.26
Uruguay,URY,2013,67.34
Uruguay,URY,2016,67.5
Uruguay,URY,2009,67.02
Uruguay,URY,2010,67.1
Uruguay,URY,2008,66.94
Uruguay,URY,2006,66.78
Uruguay,URY,2007,66.86
Uruguay,URY,2017,67.5
Uruguay,URY,2018,67.5
Uruguay,URY,2019,67.5
Uruguay,URY,2020,67.5
Uruguay,URY,2021,67.5
Uruguay,URY,2022,67.5
United States,USA,2007,66.76
United States,USA,2006,66.78
United States,USA,2009,66.72
United States,USA,2014,66.62
United States,USA,2011,66.68
United States,USA,2013,66.64
United States,USA,2008,66.74
United States,USA,2010,66.7
United States,USA,2015,66.6
United States,USA,2012,66.66
United States,USA,2016,66.475
United States,USA,2017,66.35
United States,USA,2018,66.225
United States,USA,2019,66.1
United States,USA,2020,65.975
United States,USA,2021,65.85
United States,USA,2022,65.725
Uzbekistan,UZB,2014,63.26
Uzbekistan,UZB,2012,62.78
Uzbekistan,UZB,2013,63.02
Uzbekistan,UZB,2015,63.5
Uzbekistan,UZB,2011,62.54
Uzbekistan,UZB,2016,63.8
Uzbekistan,UZB,2008,61.82
Uzbekistan,UZB,2006,61.34
Uzbekistan,UZB,2009,62.06
Uzbekistan,UZB,2010,62.3
Uzbekistan,UZB,2017,64.1
Uzbekistan,UZB,2018,64.4
Uzbekistan,UZB,2019,64.7
Uzbekistan,UZB,2020,65.0
Uzbekistan,UZB,2021,65.3
Uzbekistan,UZB,2022,65.6
Venezuela,VEN,2010,65.3
Venezuela,VEN,2009,65.34
Venezuela,VEN,2012,65.22
Venezuela,VEN,2006,65.46
Venezuela,VEN,2011,65.26
Venezuela,VEN,2013,65.18
Venezuela,VEN,2008,65.38
Venezuela,VEN,2005,65.5
Venezuela,VEN,2014,65.14
Venezuela,VEN,2015,65.1
Venezuela,VEN,2016,64.925
Venezuela,VEN,2017,64.75
Venezuela,VEN,2018,64.575
Venezuela,VEN,2019,64.4
Venezuela,VEN,2020,64.225
Venezuela,VEN,2021,64.05
Venezuela,VEN,2022,63.875
Vietnam,VNM,2011,64.58
Vietnam,VNM,2008,64.34
Vietnam,VNM,2007,64.26
Vietnam,VNM,2012,64.66
Vietnam,VNM,2006,64.18
Vietnam,VNM,2009,64.42
Vietnam,VNM,2010,64.5
Vietnam,VNM,2014,64.82
Vietnam,VNM,2013,64.74
Vietnam,VNM,2015,64.9
Vietnam,VNM,2016,65.0
Vietnam,VNM,2017,65.1
Vietnam,VNM,2018,65.2
Vietnam,VNM,2019,65.3
Vietnam,VNM,2020,65.4
Vietnam,VNM,2021,65.5
Vietnam,VNM,2022,65.6
Yemen,YEM,2009,58.64
Yemen,YEM,2007,58.72
Yemen,YEM,2013,58.48
Yemen,YEM,2010,58.6
Yemen,YEM,2014,58.44
Yemen,YEM,2012,58.52
Yemen,YEM,2016,58.175
Yemen,YEM,2011,58.56
Yemen,YEM,2017,57.95
Yemen,YEM,2018,57.725
Yemen,YEM,2019,57.5
Yemen,YEM,2015,58.4
South Africa,ZAF,2008,47.8
South Africa,ZAF,2007,46.9
South Africa,ZAF,2006,46.0
South Africa,ZAF,2012,51.4
South Africa,ZAF,2009,48.7
South Africa,ZAF,2011,50.5
South Africa,ZAF,2014,53.2
South Africa,ZAF,2015,54.1
South Africa,ZAF,2016,54.625
South Africa,ZAF,2010,49.6
South Africa,ZAF,2017,55.15
South Africa,ZAF,2018,55.675
South Africa,ZAF,2019,56.2
South Africa,ZAF,2020,56.725
South Africa,ZAF,2021,57.25
South Africa,ZAF,2013,52.3
Zambia,ZMB,2013,51.38
Zambia,ZMB,2009,48.74
Zambia,ZMB,2011,50.06
Zambia,ZMB,2012,50.72
Zambia,ZMB,2006,46.76
Zambia,ZMB,2008,48.08
Zambia,ZMB,2015,52.7
Zambia,ZMB,2014,52.04
Zambia,ZMB,2016,53.125
Zambia,ZMB,2007,47.42
Zambia,ZMB,2017,53.55
Zambia,ZMB,2018,53.975
Zambia,ZMB,2019,54.4
Zambia,ZMB,2020,54.825
Zambia,ZMB,2021,55.25
Zimbabwe,ZWE,2012,47.6
Zimbabwe,ZWE,2011,46.4
Zimbabwe,ZWE,2013,48.8
Zimbabwe,ZWE,2010,45.2
Zimbabwe,ZWE,2014,50.0
Zimbabwe,ZWE,2006,40.4
Zimbabwe,ZWE,2015,51.2
Zimbabwe,ZWE,2016,51.675
Zimbabwe,ZWE,2009,44.0
Zimbabwe,ZWE,2008,42.8
Zimbabwe,ZWE,2007,41.6
Zimbabwe,ZWE,2017,52.15
Zimbabwe,ZWE,2018,52.625
Zimbabwe,ZWE,2019,53.1
Zimbabwe,ZWE,2020,53.575
Zimbabwe,ZWE,2021,54.05
Zimbabwe,ZWE,2022,54.525
Czechia,CZE,2013,68.06
Czechia,CZE,2016,68.425
Czechia,CZE,2007,67.34
Czechia,CZE,2015,68.3
Taiwan Province of China,TWN,2016,
Czechia,CZE,2014,68.18
Congo (Brazzaville),COG,2017,55.55
Congo (Brazzaville),COG,2018,55.875
Congo (Brazzaville),COG,2019,56.2
Congo (Brazzaville),COG,2020,56.525
Congo (Brazzaville),COG,2021,56.85
Congo (Brazzaville),COG,2022,57.175
Congo (Kinshasa),COD,2017,53.25
Congo (Kinshasa),COD,2022,55.375
Taiwan Province of China,TWN,2006,68.68
Czechia,CZE,2012,67.94
Taiwan Province of China,TWN,2014,
Taiwan Province of China,TWN,2015,
Czechia,CZE,2017,68.55
Czechia,CZE,2018,68.675
Czechia,CZE,2020,68.925
Czechia,CZE,2021,69.05
Czechia,CZE,2022,69.175
Czechia,CZE,2011,67.82
Taiwan Province of China,TWN,2013,
Taiwan Province of China,TWN,2011,
Czechia,CZE,2010,67.7
Taiwan Province of China,TWN,2010,69.6
Taiwan Province of China,TWN,2012,
Kosovo,KOS,2013,
Eswatini,SWZ,2018,49.3
Eswatini,SWZ,2019,50.1
Moldova,MDA,2011,61.38
Moldova,MDA,2012,61.76
Moldova,MDA,2015,62.9
Moldova,MDA,2014,62.52
Kosovo,KOS,2009,
Hong Kong S.A.R. of China,HKG,2006,
Hong Kong S.A.R. of China,HKG,2017,
Hong Kong S.A.R. of China,HKG,2019,
Hong Kong S.A.R. of China,HKG,2020,
Hong Kong S.A.R. of China,HKG,2021,
Turkiye,TUR,2007,66.42
Taiwan Province of China,TWN,2008,69.14
Kosovo,KOS,2008,
Moldova,MDA,2008,60.24
Moldova,MDA,2013,62.14
Kosovo,KOS,2016,
Iran,IRN,2017,66.0
Iran,IRN,2018,66.15
Iran,IRN,2019,66.3
Iran,IRN,2020,66.45
Iran,IRN,2021,66.6
Iran,IRN,2022,66.75
Hong Kong S.A.R. of China,HKG,2011,
Kosovo,KOS,2012,
Hong Kong S.A.R. of China,HKG,2010,
Moldova,MDA,2009,60.62
Turkey,TUR,2014,67.54
Laos,LAO,2007,56.26
Moldova,MDA,2016,63.3
Iran,IRN,2007,64.58
Moldova,MDA,2010,61.0
Syria,SYR,2008,68.62
Hong Kong S.A.R. of China,HKG,2014,
Hong Kong S.A.R. of China,HKG,2012,
Hong Kong S.A.R. of China,HKG,2016,
Kosovo,KOS,2017,
Kosovo,KOS,2018,
Kosovo,KOS,2019,
Kosovo,KOS,2020,
Kosovo,KOS,2021,
Kosovo,KOS,2022,
Turkiye,TUR,2011,67.06
Hong Kong S.A.R. of China,HKG,2009,
Turkiye,TUR,2010,66.9
Turkiye,TUR,2015,67.7
Laos,LAO,2017,59.9
Laos,LAO,2018,60.2
Laos,LAO,2019,60.5
Laos,LAO,2020,60.8
Laos,LAO,2021,61.1
Turkiye,TUR,2012,67.22
Moldova,MDA,2006,59.48
North Macedonia,MKD,2013,65.14
North Macedonia,MKD,2016,65.5
Hong Kong S.A.R. of China,HKG,2008,
Turkiye,TUR,2016,67.875
Iran,IRN,2008,64.72
Laos,LAO,2006,55.88
Iran,IRN,2013,65.42
Kosovo,KOS,2007,
North Macedonia,MKD,2014,65.22
Turkiye,TUR,2008,66.58
Kosovo,KOS,2010,
Turkiye,TUR,2009,66.74
Czechia,CZE,2005,67.1
Moldova,MDA,2017,63.7
Moldova,MDA,2018,64.1
Moldova,MDA,2019,64.5
Moldova,MDA,2020,64.9
Moldova,MDA,2021,65.3
Moldova,MDA,2022,65.7
Laos,LAO,2008,56.64
Kosovo,KOS,2014,
Kosovo,KOS,2015,
State of Palestine,PSE,2016,
North Macedonia,MKD,2011,64.98
North Macedonia,MKD,2015,65.3
Turkiye,TUR,2013,67.38
Laos,LAO,2012,58.16
State of Palestine,PSE,2013,
Eswatini,SWZ,2011,42.5
North Macedonia,MKD,2017,65.7
North Macedonia,MKD,2018,65.9
North Macedonia,MKD,2019,66.1
North Macedonia,MKD,2020,66.3
North Macedonia,MKD,2021,66.5
North Macedonia,MKD,2022,66.7
State of Palestine,PSE,2006,61.78
Kosovo,KOS,2011,
Moldova,MDA,2007,59.86
State of Palestine,PSE,2014,
Iran,IRN,2016,65.85
Iran,IRN,2014,65.56
Syria,SYR,2009,66.86
State of Palestine,PSE,2010,62.25
State of Palestine,PSE,2012,
Iran,IRN,2015,65.7
Iran,IRN,2011,65.14
North Macedonia,MKD,2012,65.06
State of Palestine,PSE,2015,
State of Palestine,PSE,2011,
Congo (Kinshasa),COD,2012,50.9
Congo (Brazzaville),COG,2015,54.9
Iran,IRN,2012,65.28
Congo (Kinshasa),COD,2016,52.825
Iran,IRN,2005,64.3
Laos,LAO,2011,57.78
Congo (Kinshasa),COD,2013,51.4
North Macedonia,MKD,2007,64.66
Syria,SYR,2010,65.1
Congo (Kinshasa),COD,2011,50.4
Congo (Kinshasa),COD,2014,51.9
Congo (Brazzaville),COG,2011,53.38
State of Palestine,PSE,2009,62.132
State of Palestine,PSE,2017,
State of Palestine,PSE,2018,
State of Palestine,PSE,2019,
State of Palestine,PSE,2022,
Tanzania,TZA,2007,51.42
State of Palestine,PSE,2008,62.015
Congo (Brazzaville),COG,2014,54.52
North Macedonia,MKD,2009,64.82
Tanzania,TZA,2008,52.08
Congo (Brazzaville),COG,2013,54.14
Congo (Brazzaville),COG,2016,55.225
Taiwan Province of China,TWN,2017,
Taiwan Province of China,TWN,2018,
Taiwan Province of China,TWN,2019,
Taiwan Province of China,TWN,2020,
Taiwan Province of China,TWN,2021,
Taiwan Province of China,TWN,2022,
Tanzania,TZA,2006,50.76
North Macedonia,MKD,2010,64.9
Tanzania,TZA,2013,55.38
Tanzania,TZA,2017,57.6
Tanzania,TZA,2018,58.05
Tanzania,TZA,2019,58.5
Tanzania,TZA,2020,58.95
Tanzania,TZA,2021,59.4
Tanzania,TZA,2022,59.85
Tanzania,TZA,2011,54.06
Congo (Kinshasa),COD,2015,52.4
State of Palestine,PSE,2007,61.897
Tanzania,TZA,2012,54.72
Turkiye,TUR,2017,68.05
Turkiye,TUR,2018,68.225
Turkiye,TUR,2019,68.4
Turkiye,TUR,2020,68.575
Turkiye,TUR,2021,68.75
Syria,SYR,2011,63.34
Congo (Brazzaville),COG,2012,53.76
Tanzania,TZA,2015,56.7
Congo (Brazzaville),COG,2008,52.24
Tanzania,TZA,2014,56.04
Congo (Kinshasa),COD,2009,49.4
Turkiye,TUR,2005,66.1
Syria,SYR,2015,56.3
Tanzania,TZA,2016,57.15
Tanzania,TZA,2009,52.74
Tanzania,TZA,2010,53.4
Syria,SYR,2012,61.58
Syria,SYR,2013,59.82