罪名,手口,管轄警察署（発生地）,管轄交番・駐在所（発生地）,市区町村コード（発生地）,都道府県（発生地）,市区町村（発生地）,町丁目（発生地）,発生年月日（始期）,発生時（始期）,発生場所,発生場所の詳細,被害者の年齢,被害者の職業,施錠関係
窃盗,自転車盗,青森,つくだ交番,22012,青森県,青森市,,2021/11/15,7,その他,駐車（輪）場,10歳代,高校生,施錠した
窃盗,自転車盗,青森,つくだ交番,22012,青森県,青森市,佃１丁目,2021/7/2,19,一戸建住宅,駐車（輪）場,50歳代,その他,施錠せず
窃盗,自転車盗,青森,つくだ交番,22012,青森県,青森市,佃２丁目,2021/2/15,7,その他の住宅（３階建て以下共同住宅等）,その他,10歳代,高校生,施錠した
窃盗,自転車盗,青森,つくだ交番,22012,青森県,青森市,中佃２丁目,2021/3/29,19,その他,駐車（輪）場,20歳代,その他,施錠せず
窃盗,自転車盗,青森,つくだ交番,22012,青森県,青森市,奥野３丁目,2019/3/15,12,その他,駐車（輪）場,法人・団体、被害者なし,法人・団体、被害者なし,施錠せず
窃盗,自転車盗,青森,つくだ交番,22012,青森県,青森市,浜館３丁目,2021/3/5,10,その他の住宅（３階建て以下共同住宅等）,その他,30歳代,その他,施錠した
窃盗,自転車盗,青森,つくだ交番,22012,青森県,青森市,筒井３丁目,2021/11/1,8,その他,駐車（輪）場,10歳代,高校生,施錠せず
窃盗,自転車盗,青森,みなみ交番,22012,青森県,青森市,大字荒川字藤戸,2021/8/14,19,その他,駐車（輪）場,20歳代,大学生,施錠せず
窃盗,自転車盗,青森,みなみ交番,22012,青森県,青森市,大字大野字山下,2021/11/23,8,一戸建住宅,駐車（輪）場,10歳代,高校生,施錠せず
窃盗,自転車盗,青森,みなみ交番,22012,青森県,青森市,青葉３丁目,2021/3/25,13,その他,駐車（輪）場,10歳代,高校生,施錠せず
窃盗,自転車盗,青森,みなみ交番,22012,青森県,青森市,青葉３丁目,2021/6/1,12,その他,駐車（輪）場,50歳代,その他,施錠せず
窃盗,自転車盗,青森,みなみ交番,22012,青森県,青森市,桂木１丁目,2021/10/11,6,その他の住宅（３階建て以下共同住宅等）,駐車（輪）場,10歳代,中学生,施錠せず
窃盗,自転車盗,青森,みなみ交番,22012,青森県,青森市,桂木２丁目,2021/4/15,7,一戸建住宅,駐車（輪）場,10歳代,高校生,施錠せず
窃盗,自転車盗,青森,みなみ交番,22012,青森県,青森市,緑１丁目,2021/8/15,19,道路上,その他,60-64歳,その他,施錠せず
窃盗,自転車盗,青森,みなみ交番,22012,青森県,青森市,緑３丁目,2021/3/4,9,その他の住宅（３階建て以下共同住宅等）,駐車（輪）場,30歳代,その他,施錠せず
窃盗,自転車盗,青森,みなみ交番,22012,青森県,青森市,緑３丁目,2021/3/20,15,その他,駐車（輪）場,10歳代,高校生,施錠した
窃盗,自転車盗,青森,みなみ交番,22012,青森県,青森市,緑３丁目,2021/3/26,18,その他,駐車（輪）場,10歳代,高校生,施錠せず
窃盗,自転車盗,青森,みなみ交番,22012,青森県,青森市,緑３丁目,2021/4/1,10,その他,駐車（輪）場,20歳代,その他,施錠せず
窃盗,自転車盗,青森,みなみ交番,22012,青森県,青森市,緑３丁目,2021/7/8,20,その他,駐車（輪）場,10歳代,中学生,施錠せず
窃盗,自転車盗,青森,みなみ交番,22012,青森県,青森市,緑３丁目,2021/8/14,17,その他,駐車（輪）場,10歳代,高校生,施錠せず
窃盗,自転車盗,青森,みなみ交番,22012,青森県,青森市,浜田１丁目,2021/4/11,17,その他,駐車（輪）場,10歳代,高校生,施錠した
窃盗,自転車盗,青森,みなみ交番,22012,青森県,青森市,浜田１丁目,2021/4/19,16,その他,駐車（輪）場,20歳代,その他,施錠せず
窃盗,自転車盗,青森,みなみ交番,22012,青森県,青森市,浜田１丁目,2021/8/5,11,その他,駐車（輪）場,10歳代,高校生,施錠せず
窃盗,自転車盗,青森,みなみ交番,22012,青森県,青森市,浜田３丁目,2021/3/25,11,その他,駐車（輪）場,10歳代,中学生,施錠せず
窃盗,自転車盗,青森,みなみ交番,22012,青森県,青森市,浜田３丁目,2021/4/24,21,その他,駐車（輪）場,30歳代,その他,施錠せず
窃盗,自転車盗,青森,みなみ交番,22012,青森県,青森市,浜田３丁目,2021/9/19,15,その他,駐車（輪）場,10歳代,高校生,施錠せず
窃盗,自転車盗,青森,みなみ交番,22012,青森県,青森市,東大野２丁目,2021/3/31,11,その他,駐車（輪）場,30歳代,その他,施錠せず
窃盗,自転車盗,青森,みなみ交番,22012,青森県,青森市,東大野２丁目,2021/5/31,9,その他,駐車（輪）場,30歳代,その他,施錠した
窃盗,自転車盗,青森,みなみ交番,22012,青森県,青森市,西大野１丁目,2021/4/28,13,その他の住宅（３階建て以下共同住宅等）,駐車（輪）場,20歳代,その他,施錠せず
窃盗,自転車盗,青森,三内丸山交番,22012,青森県,青森市,千刈４丁目,2021/4/1,10,一戸建住宅,駐車（輪）場,70歳以上,その他,施錠せず
窃盗,自転車盗,青森,中央交番,22012,青森県,青森市,中央１丁目,2021/6/21,22,駐車（輪）場,駐車（輪）場,30歳代,その他,施錠せず
窃盗,自転車盗,青森,中央交番,22012,青森県,青森市,中央３丁目,2021/11/15,22,一戸建住宅,駐車（輪）場,法人・団体、被害者なし,法人・団体、被害者なし,施錠せず
窃盗,自転車盗,青森,中央交番,22012,青森県,青森市,橋本３丁目,2021/10/26,17,一戸建住宅,駐車（輪）場,30歳代,その他,施錠した
窃盗,自転車盗,青森,中央交番,22012,青森県,青森市,橋本３丁目,2021/10/26,18,一戸建住宅,駐車（輪）場,10歳代,高校生,施錠した
窃盗,自転車盗,青森,中央交番,22012,青森県,青森市,本町１丁目,2021/7/4,22,その他,駐車（輪）場,40歳代,その他,施錠した
窃盗,自転車盗,青森,中央交番,22012,青森県,青森市,本町２丁目,2021/5/5,21,その他,その他,60-64歳,その他,施錠した
窃盗,自転車盗,青森,八甲田交番,22012,青森県,青森市,大字大矢沢字野田,2021/10/8,18,その他の住宅（３階建て以下共同住宅等）,駐車（輪）場,10歳代,大学生,施錠した
窃盗,自転車盗,青森,八甲田交番,22012,青森県,青森市,大字幸畑字松元,2021/12/1,9,その他の住宅（３階建て以下共同住宅等）,駐車（輪）場,20歳代,大学生,施錠せず
窃盗,自転車盗,青森,八甲田交番,22012,青森県,青森市,大字横内字亀井,2021/9/28,8,その他の住宅（３階建て以下共同住宅等）,駐車（輪）場,10歳代,大学生,施錠せず
窃盗,自転車盗,青森,勝田交番,22012,青森県,青森市,勝田１丁目,2021/5/26,20,その他,駐車（輪）場,50歳代,その他,施錠した
窃盗,自転車盗,青森,勝田交番,22012,青森県,青森市,勝田１丁目,2021/8/4,4,その他,駐車（輪）場,20歳代,その他,施錠した
窃盗,自転車盗,青森,勝田交番,22012,青森県,青森市,勝田１丁目,2021/9/15,7,その他,駐車（輪）場,50歳代,その他,施錠した
窃盗,自転車盗,青森,勝田交番,22012,青森県,青森市,勝田１丁目,2021/9/23,8,その他,駐車（輪）場,30歳代,その他,施錠した
窃盗,自転車盗,青森,勝田交番,22012,青森県,青森市,勝田２丁目,2021/10/27,11,その他,駐車（輪）場,10歳代,高校生,施錠せず
窃盗,自転車盗,青森,勝田交番,22012,青森県,青森市,松原３丁目,2021/9/8,3,一戸建住宅,その他,50歳代,その他,施錠せず
窃盗,自転車盗,青森,堤町交番,22012,青森県,青森市,青柳１丁目,2021/12/1,20,その他の住宅（３階建て以下共同住宅等）,駐車（輪）場,50歳代,その他,施錠した
窃盗,自転車盗,青森,堤町交番,22012,青森県,青森市,青柳２丁目,2021/5/4,16,一戸建住宅,駐車（輪）場,60-64歳,その他,施錠せず
窃盗,自転車盗,青森,堤町交番,22012,青森県,青森市,栄町２丁目,2021/10/30,19,道路上,その他,70歳以上,その他,施錠した
窃盗,自転車盗,青森,堤町交番,22012,青森県,青森市,堤町１丁目,2021/5/31,7,道路上,その他,60-64歳,その他,施錠せず
窃盗,自転車盗,青森,堤町交番,22012,青森県,青森市,花園２丁目,2021/2/4,15,４階建て以上共同住宅,駐車（輪）場,20歳代,その他,施錠せず
窃盗,自転車盗,青森,平内交番,23019,青森県,平内町,大字小湊字外ノ沢,2021/3/25,10,その他,駐車（輪）場,70歳以上,その他,施錠せず
窃盗,自転車盗,青森,後潟駐在所,22012,青森県,青森市,大字四戸橋字磯部,2021/7/2,7,その他,駐車（輪）場,40歳代,その他,施錠せず
窃盗,自転車盗,青森,戸山駐在所,22012,青森県,青森市,赤坂１丁目,2021/7/16,16,道路上,その他,10歳代,高校生,施錠せず
窃盗,自転車盗,青森,新城交番,22012,青森県,青森市,大字石江字高間,2021/7/7,19,その他,駐車（輪）場,10歳代,高校生,施錠した
窃盗,自転車盗,青森,新城交番,22012,青森県,青森市,大字石江字高間,2021/7/13,17,その他,駐車（輪）場,20歳代,大学生,施錠した
窃盗,自転車盗,青森,新城交番,22012,青森県,青森市,大字石江字高間,2021/9/27,12,その他,駐車（輪）場,10歳代,その他,施錠せず
窃盗,自転車盗,青森,新城交番,22012,青森県,青森市,大字新城字平岡,2021/6/24,7,その他,駐車（輪）場,10歳代,高校生,施錠した
窃盗,自転車盗,青森,新城交番,22012,青森県,青森市,三好２丁目,2021/6/21,15,その他,駐車（輪）場,10歳代,中学生,施錠せず
窃盗,自転車盗,青森,新城交番,22012,青森県,青森市,三好２丁目,2021/10/10,10,その他,駐車（輪）場,10歳代,中学生,施錠した
窃盗,自転車盗,青森,新城交番,22012,青森県,青森市,石江１丁目,2021/4/17,18,その他の住宅（３階建て以下共同住宅等）,駐車（輪）場,10歳代,高校生,施錠せず
窃盗,自転車盗,青森,新城交番,22012,青森県,青森市,石江４丁目,2021/6/30,7,その他,駐車（輪）場,30歳代,その他,施錠した
窃盗,自転車盗,青森,東部駐在所,22012,青森県,青森市,大字野内字菊川,2021/5/5,12,その他,駐車（輪）場,10歳代,高校生,施錠せず
窃盗,自転車盗,青森,東部駐在所,22012,青森県,青森市,原別２丁目,2021/4/20,7,その他の住宅（３階建て以下共同住宅等）,その他,50歳代,その他,施錠せず
窃盗,自転車盗,青森,東部駐在所,22012,青森県,青森市,本泉２丁目,2020/11/9,9,その他の住宅（３階建て以下共同住宅等）,その他,10歳代,中学生,施錠した
窃盗,自転車盗,青森,東部駐在所,22012,青森県,青森市,矢作３丁目,2021/12/3,8,その他の住宅（３階建て以下共同住宅等）,駐車（輪）場,10歳代,高校生,施錠せず
窃盗,自転車盗,青森,油川駐在所,22012,青森県,青森市,大字羽白字池上,2021/9/28,6,道路上,その他,70歳以上,その他,施錠せず
窃盗,自転車盗,青森,油川駐在所,22012,青森県,青森市,大字羽白字沢田,2021/7/11,12,その他,駐車（輪）場,70歳以上,その他,施錠せず
窃盗,自転車盗,青森,浅虫駐在所,22012,青森県,青森市,大字浅虫字蛍谷,2021/5/10,13,その他,駐車（輪）場,10歳代,高校生,施錠せず
窃盗,自転車盗,青森,浅虫駐在所,22012,青森県,青森市,大字浅虫字蛍谷,2021/8/6,8,その他,駐車（輪）場,70歳以上,その他,施錠せず
窃盗,自転車盗,青森,浜館駐在所,22012,青森県,青森市,,2021/6/23,7,その他,駐車（輪）場,10歳代,高校生,施錠せず
窃盗,自転車盗,青森,浜館駐在所,22012,青森県,青森市,,2021/7/31,10,その他,駐車（輪）場,20歳代,大学生,施錠せず
窃盗,自転車盗,青森,浜館駐在所,22012,青森県,青森市,,2021/8/7,18,その他,駐車（輪）場,10歳代,高校生,施錠せず
窃盗,自転車盗,青森,浜館駐在所,22012,青森県,青森市,大字浜館字間瀬,2021/8/2,12,その他,駐車（輪）場,10歳代,大学生,施錠した
窃盗,自転車盗,青森,浜館駐在所,22012,青森県,青森市,虹ケ丘１丁目,2021/5/10,7,その他,駐車（輪）場,法人・団体、被害者なし,法人・団体、被害者なし,施錠せず
窃盗,自転車盗,青森,浜館駐在所,22012,青森県,青森市,浜館２丁目,2021/4/30,12,駐車（輪）場,駐車（輪）場,20歳代,大学生,施錠せず
窃盗,自転車盗,青森,浜館駐在所,22012,青森県,青森市,浜館３丁目,2021/8/10,16,その他の住宅（３階建て以下共同住宅等）,駐車（輪）場,20歳代,大学生,施錠せず
窃盗,自転車盗,青森,浜館駐在所,22012,青森県,青森市,浜館４丁目,2021/9/22,8,その他,駐車（輪）場,10歳代,その他,施錠せず
窃盗,自転車盗,青森,浜館駐在所,22012,青森県,青森市,浜館５丁目,2021/4/5,10,その他の住宅（３階建て以下共同住宅等）,駐車（輪）場,20歳代,大学生,施錠せず
窃盗,自転車盗,青森,浜館駐在所,22012,青森県,青森市,浜館６丁目,2021/7/15,18,その他,駐車（輪）場,30歳代,その他,施錠せず
窃盗,自転車盗,青森,浪打交番,22012,青森県,青森市,合浦２丁目,2021/6/23,4,その他,その他,10歳代,高校生,施錠せず
窃盗,自転車盗,青森,浪打交番,22012,青森県,青森市,大字小柳字桂,2021/7/11,7,その他,駐車（輪）場,10歳代,高校生,施錠せず
窃盗,自転車盗,青森,浪打交番,22012,青森県,青森市,奥野３丁目,2021/10/12,8,その他,駐車（輪）場,20歳代,その他,施錠せず
窃盗,自転車盗,青森,浪打交番,22012,青森県,青森市,岡造道３丁目,2021/5/2,15,一戸建住宅,駐車（輪）場,10歳代,中学生,施錠せず
窃盗,自転車盗,青森,浪打交番,22012,青森県,青森市,造道１丁目,2021/9/22,8,一戸建住宅,駐車（輪）場,40歳代,その他,施錠せず
窃盗,自転車盗,青森,浪打交番,22012,青森県,青森市,東造道２丁目,2021/3/5,8,その他,駐車（輪）場,30歳代,その他,施錠せず
窃盗,自転車盗,青森,浪打交番,22012,青森県,青森市,東造道２丁目,2021/5/20,23,その他,駐車（輪）場,30歳代,その他,施錠した
窃盗,自転車盗,青森,浪打交番,22012,青森県,青森市,八重田４丁目,2021/11/29,6,一戸建住宅,駐車（輪）場,10歳代,高校生,施錠せず
窃盗,自転車盗,青森,浪打交番,22012,青森県,青森市,小柳４丁目,2021/11/4,16,４階建て以上共同住宅,駐車（輪）場,10歳代,高校生,施錠せず
窃盗,自転車盗,青森,浪打交番,22012,青森県,青森市,けやき１丁目,2021/2/11,10,その他の住宅（３階建て以下共同住宅等）,駐車（輪）場,40歳代,その他,施錠した
窃盗,自転車盗,青森,浪打交番,22012,青森県,青森市,けやき２丁目,2021/3/28,8,その他の住宅（３階建て以下共同住宅等）,駐車（輪）場,60-64歳,その他,施錠せず
窃盗,自転車盗,青森,筒井交番,22012,青森県,青森市,,2021/6/18,16,その他,駐車（輪）場,10歳代,高校生,施錠せず
窃盗,自転車盗,青森,筒井交番,22012,青森県,青森市,大字筒井字八ツ橋,2021/7/3,17,一戸建住宅,駐車（輪）場,40歳代,その他,施錠せず
窃盗,自転車盗,青森,筒井交番,22012,青森県,青森市,大字浜田字玉川,2021/5/30,5,その他,駐車（輪）場,20歳代,その他,施錠せず
窃盗,自転車盗,青森,筒井交番,22012,青森県,青森市,筒井１丁目,2021/3/25,8,その他,駐車（輪）場,10歳代,高校生,施錠せず
窃盗,自転車盗,青森,筒井交番,22012,青森県,青森市,筒井３丁目,2021/9/16,16,その他,駐車（輪）場,10歳代,高校生,施錠せず
窃盗,自転車盗,青森,西部交番,22012,青森県,青森市,大字石江字岡部,2021/4/30,21,その他の住宅（３階建て以下共同住宅等）,駐車（輪）場,10歳代,高校生,施錠せず
窃盗,自転車盗,青森,西部交番,22012,青森県,青森市,千刈２丁目,2021/3/3,8,駐車（輪）場,駐車（輪）場,50歳代,その他,施錠せず
窃盗,自転車盗,青森,西部交番,22012,青森県,青森市,柳川１丁目,2021/10/29,13,４階建て以上共同住宅,駐車（輪）場,70歳以上,その他,施錠した
窃盗,自転車盗,青森,青森駅前交番,22012,青森県,青森市,北金沢２丁目,2021/10/10,11,一戸建住宅,駐車（輪）場,30歳代,その他,施錠した
窃盗,自転車盗,青森,青森駅前交番,22012,青森県,青森市,新町１丁目,2021/5/9,13,その他,駐車（輪）場,10歳代,高校生,施錠せず
窃盗,自転車盗,青森,青森駅前交番,22012,青森県,青森市,新町１丁目,2021/7/28,8,その他,駐車（輪）場,30歳代,その他,施錠せず
窃盗,自転車盗,青森,青森駅前交番,22012,青森県,青森市,新町１丁目,2021/11/2,18,その他,駐車（輪）場,10歳代,高校生,施錠せず
窃盗,自転車盗,青森,青森駅前交番,22012,青森県,青森市,新町１丁目,2021/11/3,7,その他,駐車（輪）場,65-69歳,その他,施錠せず
窃盗,自転車盗,青森,青森駅前交番,22012,青森県,青森市,新町１丁目,2021/11/17,14,その他,駐車（輪）場,70歳以上,その他,施錠せず
窃盗,自転車盗,青森,青森駅前交番,22012,青森県,青森市,千刈１丁目,2021/8/15,19,４階建て以上共同住宅,駐車（輪）場,10歳代,高校生,施錠せず
窃盗,自転車盗,青森,青森駅前交番,22012,青森県,青森市,古川１丁目,2021/5/6,10,その他,駐車（輪）場,70歳以上,その他,施錠せず
窃盗,自転車盗,青森,青森駅前交番,22012,青森県,青森市,古川１丁目,2021/7/13,16,その他,駐車（輪）場,40歳代,その他,施錠した
窃盗,自転車盗,青森,青森駅前交番,22012,青森県,青森市,古川１丁目,2021/8/3,18,その他,駐車（輪）場,20歳代,その他,施錠せず
窃盗,自転車盗,青森,青森駅前交番,22012,青森県,青森市,古川１丁目,2021/9/22,17,その他,駐車（輪）場,30歳代,その他,施錠した
窃盗,自転車盗,青森,青森駅前交番,22012,青森県,青森市,古川２丁目,2021/8/5,6,一戸建住宅,その他,20歳代,その他,施錠せず
窃盗,自転車盗,青森,青森駅前交番,22012,青森県,青森市,本町１丁目,2021/5/24,8,その他,駐車（輪）場,20歳代,その他,施錠せず
窃盗,自転車盗,青森,青森駅前交番,22012,青森県,青森市,安方２丁目,2021/7/16,14,一戸建住宅,駐車（輪）場,65-69歳,その他,施錠せず
窃盗,自転車盗,青森,青森駅前交番,22012,青森県,青森市,柳川１丁目,2021/3/5,11,その他,駐車（輪）場,10歳代,高校生,施錠せず
窃盗,自転車盗,青森,青森駅前交番,22012,青森県,青森市,柳川１丁目,2021/6/11,7,その他,駐車（輪）場,10歳代,高校生,施錠せず
窃盗,自転車盗,青森,青森駅前交番,22012,青森県,青森市,柳川１丁目,2021/6/26,20,駐車（輪）場,駐車（輪）場,20歳代,その他,施錠した
窃盗,自転車盗,青森,青森駅前交番,22012,青森県,青森市,柳川１丁目,2021/7/15,17,その他,駐車（輪）場,10歳代,高校生,施錠した
窃盗,自転車盗,青森,青森駅前交番,22012,青森県,青森市,柳川１丁目,2021/8/4,19,その他,駐車（輪）場,10歳代,その他,施錠せず
窃盗,自転車盗,青森,青森駅前交番,22012,青森県,青森市,柳川１丁目,2021/9/5,10,その他,駐車（輪）場,10歳代,中学生,施錠した
窃盗,自転車盗,青森,青森駅前交番,22012,青森県,青森市,柳川１丁目,2021/9/24,17,その他,駐車（輪）場,10歳代,高校生,施錠した
窃盗,自転車盗,青森,青森駅前交番,22012,青森県,青森市,柳川１丁目,2021/10/13,16,その他,駐車（輪）場,50歳代,その他,施錠した
窃盗,自転車盗,青森,青森駅前交番,22012,青森県,青森市,柳川１丁目,2021/10/15,18,その他,駐車（輪）場,10歳代,高校生,施錠した
窃盗,自転車盗,青森,,22012,青森県,青森市,千刈３丁目,2021/6/26,12,一戸建住宅,駐車（輪）場,60-64歳,その他,施錠せず
窃盗,自転車盗,弘前,中央交番,22021,青森県,弘前市,大字新町,2021/9/19,21,その他,駐車（輪）場,10歳代,高校生,施錠せず
窃盗,自転車盗,弘前,中央交番,22021,青森県,弘前市,大字栄町４丁目,2021/7/13,8,一戸建住宅,駐車（輪）場,70歳以上,その他,施錠せず
窃盗,自転車盗,弘前,中央交番,22021,青森県,弘前市,大字下白銀町,2021/5/27,8,駐車（輪）場,駐車（輪）場,50歳代,その他,施錠した
窃盗,自転車盗,弘前,中央交番,22021,青森県,弘前市,大字新鍛冶町,2021/5/3,11,その他,駐車（輪）場,10歳代,中学生,施錠した
窃盗,自転車盗,弘前,中央交番,22021,青森県,弘前市,大字土手町,2021/2/20,18,道路上,その他,20歳代,大学生,施錠せず
窃盗,自転車盗,弘前,中央交番,22021,青森県,弘前市,大字森町,2021/9/14,21,４階建て以上共同住宅,駐車（輪）場,20歳代,大学生,施錠した
窃盗,自転車盗,弘前,南駐在所,22021,青森県,弘前市,大字大清水４丁目,2021/9/4,16,その他の住宅（３階建て以下共同住宅等）,駐車（輪）場,30歳代,その他,施錠した
窃盗,自転車盗,弘前,南駐在所,22021,青森県,弘前市,大字城東北３丁目,2021/3/15,18,その他,駐車（輪）場,10歳代,高校生,施錠せず
窃盗,自転車盗,弘前,南駐在所,22021,青森県,弘前市,大字泉野１丁目,2021/9/25,18,その他,駐車（輪）場,30歳代,その他,施錠せず
窃盗,自転車盗,弘前,南駐在所,22021,青森県,弘前市,大字泉野３丁目,2021/11/10,6,その他の住宅（３階建て以下共同住宅等）,駐車（輪）場,30歳代,その他,施錠せず
窃盗,自転車盗,弘前,南駐在所,22021,青森県,弘前市,大字泉野４丁目,2021/3/26,18,一戸建住宅,駐車（輪）場,10歳代,小学生,施錠せず
窃盗,自転車盗,弘前,城東交番,22021,青森県,弘前市,大字表町,2021/11/19,7,その他,駐車（輪）場,20歳代,大学生,施錠した
窃盗,自転車盗,弘前,城東交番,22021,青森県,弘前市,大字城東北３丁目,2021/9/14,16,その他の住宅（３階建て以下共同住宅等）,駐車（輪）場,70歳以上,その他,施錠した
窃盗,自転車盗,弘前,城東交番,22021,青森県,弘前市,大字城東北３丁目,2021/9/20,17,その他,駐車（輪）場,10歳代,高校生,施錠せず
窃盗,自転車盗,弘前,城東交番,22021,青森県,弘前市,大字高田４丁目,2021/4/27,8,その他,駐車（輪）場,20歳代,その他,施錠せず
窃盗,自転車盗,弘前,城東交番,22021,青森県,弘前市,大字富士見町,2021/6/11,20,その他の住宅（３階建て以下共同住宅等）,駐車（輪）場,20歳代,大学生,施錠した
窃盗,自転車盗,弘前,城東交番,22021,青森県,弘前市,大字文京町,2021/11/20,8,その他,駐車（輪）場,10歳代,大学生,施錠せず
窃盗,自転車盗,弘前,城東交番,22021,青森県,弘前市,大字川先４丁目,2021/8/6,18,その他,駐車（輪）場,10歳代,高校生,施錠した
窃盗,自転車盗,弘前,城東交番,22021,青森県,弘前市,大字川先４丁目,2021/10/8,19,その他,駐車（輪）場,10歳代,高校生,施錠せず
窃盗,自転車盗,弘前,城東交番,22021,青森県,弘前市,大字豊田２丁目,2021/7/21,7,道路上,その他,10歳代,高校生,施錠せず
窃盗,自転車盗,弘前,城西駐在所,22021,青森県,弘前市,大字南城西１丁目,2021/4/22,18,一戸建住宅,駐車（輪）場,10歳代,中学生,施錠せず
窃盗,自転車盗,弘前,城西駐在所,22021,青森県,弘前市,大字樋の口２丁目,2021/5/20,19,その他,駐車（輪）場,10歳代,大学生,施錠せず
窃盗,自転車盗,弘前,城西駐在所,22021,青森県,弘前市,大字樋の口２丁目,2021/11/3,10,その他,駐車（輪）場,10歳代,大学生,施錠した
窃盗,自転車盗,弘前,常盤駐在所,23612,青森県,藤崎町,大字常盤字二西田,2021/10/2,17,その他,駐車（輪）場,10歳代,中学生,施錠した
窃盗,自転車盗,弘前,常盤駐在所,23612,青森県,藤崎町,大字常盤字二西田,2021/10/5,7,その他,駐車（輪）場,10歳代,高校生,施錠せず
窃盗,自転車盗,弘前,弘前駅前交番,22021,青森県,弘前市,大字駅前３丁目,2021/2/18,12,その他,駐車（輪）場,10歳代,大学生,施錠した
窃盗,自転車盗,弘前,弘前駅前交番,22021,青森県,弘前市,大字駅前３丁目,2021/10/30,17,その他,駐車（輪）場,65-69歳,その他,施錠した
窃盗,自転車盗,弘前,弘前駅前交番,22021,青森県,弘前市,大字駅前町,2020/3/27,17,その他,駐車（輪）場,20歳代,大学生,施錠せず
窃盗,自転車盗,弘前,弘前駅前交番,22021,青森県,弘前市,大字駅前町,2021/7/19,16,その他,駐車（輪）場,10歳代,高校生,施錠せず
窃盗,自転車盗,弘前,弘前駅前交番,22021,青森県,弘前市,大字駅前町,2021/9/4,14,その他,駐車（輪）場,10歳代,高校生,施錠せず
窃盗,自転車盗,弘前,弘前駅前交番,22021,青森県,弘前市,大字駅前町,2021/9/24,14,その他,駐車（輪）場,20歳代,大学生,施錠せず
窃盗,自転車盗,弘前,弘前駅前交番,22021,青森県,弘前市,大字駅前町,2021/10/1,17,その他,駐車（輪）場,20歳代,大学生,施錠せず
窃盗,自転車盗,弘前,弘前駅前交番,22021,青森県,弘前市,大字駅前町,2021/10/9,16,その他,駐車（輪）場,20歳代,大学生,施錠した
窃盗,自転車盗,弘前,弘前駅前交番,22021,青森県,弘前市,大字駅前町,2021/10/27,18,その他,駐車（輪）場,10歳代,高校生,施錠せず
窃盗,自転車盗,弘前,弘前駅前交番,22021,青森県,弘前市,大字大町１丁目,2021/6/7,13,その他,駐車（輪）場,10歳代,高校生,施錠せず
窃盗,自転車盗,弘前,弘前駅前交番,22021,青森県,弘前市,大字表町,2020/12/6,19,駐車（輪）場,駐車（輪）場,10歳代,高校生,施錠した
窃盗,自転車盗,弘前,弘前駅前交番,22021,青森県,弘前市,大字表町,2021/5/25,19,その他,駐車（輪）場,10歳代,高校生,施錠せず
窃盗,自転車盗,弘前,弘前駅前交番,22021,青森県,弘前市,大字表町,2021/7/13,16,その他,駐車（輪）場,10歳代,高校生,施錠せず
窃盗,自転車盗,弘前,弘前駅前交番,22021,青森県,弘前市,大字表町,2021/8/18,13,その他,駐車（輪）場,10歳代,大学生,施錠した
窃盗,自転車盗,弘前,弘前駅前交番,22021,青森県,弘前市,大字表町,2021/9/29,15,その他,駐車（輪）場,10歳代,高校生,施錠せず
窃盗,自転車盗,弘前,弘前駅前交番,22021,青森県,弘前市,大字表町,2021/10/9,20,その他,駐車（輪）場,20歳代,大学生,施錠せず
窃盗,自転車盗,弘前,弘前駅前交番,22021,青森県,弘前市,大字品川町,2021/4/17,19,その他の住宅（３階建て以下共同住宅等）,駐車（輪）場,20歳代,大学生,施錠した
窃盗,自転車盗,弘前,弘前駅前交番,22021,青森県,弘前市,大字東和徳町,2021/6/13,21,その他の住宅（３階建て以下共同住宅等）,駐車（輪）場,40歳代,その他,施錠せず
窃盗,自転車盗,弘前,弘前駅前交番,22021,青森県,弘前市,大字富士見町,2019/8/1,8,その他の住宅（３階建て以下共同住宅等）,駐車（輪）場,20歳代,その他,施錠せず
窃盗,自転車盗,弘前,弘前駅前交番,22021,青森県,弘前市,大字文京町,2020/4/1,20,その他,駐車（輪）場,20歳代,その他,施錠せず
窃盗,自転車盗,弘前,弘前駅前交番,22021,青森県,弘前市,大字文京町,2020/12/1,23,その他,駐車（輪）場,20歳代,大学生,施錠せず
窃盗,自転車盗,弘前,弘前駅前交番,22021,青森県,弘前市,大字文京町,2021/9/18,17,その他,駐車（輪）場,20歳代,大学生,施錠せず
窃盗,自転車盗,弘前,弘前駅前交番,22021,青森県,弘前市,大字吉野町,2021/12/3,7,その他,駐車（輪）場,10歳代,高校生,施錠せず
窃盗,自転車盗,弘前,桝形交番,22021,青森県,弘前市,大字学園町,2020/11/1,10,４階建て以上共同住宅,駐車（輪）場,10歳代,大学生,施錠せず
窃盗,自転車盗,弘前,桝形交番,22021,青森県,弘前市,大字中野１丁目,2021/6/15,19,その他,駐車（輪）場,20歳代,大学生,施錠せず
窃盗,自転車盗,弘前,桝形交番,22021,青森県,弘前市,大字中野１丁目,2021/9/8,17,一戸建住宅,駐車（輪）場,70歳以上,その他,施錠せず
窃盗,自転車盗,弘前,桝形交番,22021,青森県,弘前市,大字西ケ丘町,2021/8/13,5,その他の住宅（３階建て以下共同住宅等）,駐車（輪）場,20歳代,大学生,施錠せず
窃盗,自転車盗,弘前,桝形交番,22021,青森県,弘前市,大字文京町,2019/7/15,9,その他,駐車（輪）場,20歳代,大学生,施錠せず
窃盗,自転車盗,弘前,桝形交番,22021,青森県,弘前市,大字文京町,2021/2/14,7,その他,駐車（輪）場,20歳代,その他,施錠せず
窃盗,自転車盗,弘前,桝形交番,22021,青森県,弘前市,大字文京町,2021/2/14,7,その他,駐車（輪）場,20歳代,大学生,施錠せず
窃盗,自転車盗,弘前,桝形交番,22021,青森県,弘前市,大字文京町,2021/5/10,12,その他,駐車（輪）場,10歳代,大学生,施錠せず
窃盗,自転車盗,弘前,桝形交番,22021,青森県,弘前市,大字文京町,2021/6/9,10,その他,駐車（輪）場,10歳代,大学生,施錠せず
窃盗,自転車盗,弘前,桝形交番,22021,青森県,弘前市,大字文京町,2021/6/18,10,その他,駐車（輪）場,20歳代,大学生,施錠せず
窃盗,自転車盗,弘前,桝形交番,22021,青森県,弘前市,大字文京町,2021/6/18,12,その他,駐車（輪）場,10歳代,大学生,施錠せず
窃盗,自転車盗,弘前,桝形交番,22021,青森県,弘前市,大字文京町,2021/6/26,12,その他,駐車（輪）場,20歳代,大学生,施錠せず
窃盗,自転車盗,弘前,桝形交番,22021,青森県,弘前市,大字文京町,2021/7/9,12,その他,駐車（輪）場,10歳代,大学生,施錠せず
窃盗,自転車盗,弘前,桝形交番,22021,青森県,弘前市,大字文京町,2021/9/3,13,その他,駐車（輪）場,20歳代,大学生,施錠せず
窃盗,自転車盗,弘前,桝形交番,22021,青森県,弘前市,大字文京町,2021/10/9,14,その他の住宅（３階建て以下共同住宅等）,駐車（輪）場,20歳代,大学生,施錠せず
窃盗,自転車盗,弘前,桝形交番,22021,青森県,弘前市,大字文京町,2021/10/19,18,その他,駐車（輪）場,20歳代,大学生,施錠せず
窃盗,自転車盗,弘前,桝形交番,22021,青森県,弘前市,大字文京町,2021/11/5,12,その他,駐車（輪）場,20歳代,大学生,施錠せず
窃盗,自転車盗,弘前,桝形交番,22021,青森県,弘前市,大字文京町,2021/12/3,17,その他,駐車（輪）場,10歳代,大学生,施錠せず
窃盗,自転車盗,弘前,桝形交番,22021,青森県,弘前市,大字文京町,不明,不明,４階建て以上共同住宅,駐車（輪）場,20歳代,大学生,施錠した
窃盗,自転車盗,弘前,桝形交番,22021,青森県,弘前市,大字松森町,2021/3/26,18,その他,駐車（輪）場,20歳代,大学生,施錠せず
窃盗,自転車盗,弘前,桝形交番,22021,青森県,弘前市,大字緑ケ丘１丁目,2021/10/31,17,４階建て以上共同住宅,駐車（輪）場,10歳代,大学生,施錠せず
窃盗,自転車盗,弘前,桝形交番,22021,青森県,弘前市,大字稔町,2021/7/30,8,その他の住宅（３階建て以下共同住宅等）,駐車（輪）場,20歳代,大学生,施錠した
窃盗,自転車盗,弘前,桝形交番,22021,青森県,弘前市,大字稔町,2021/10/26,17,その他の住宅（３階建て以下共同住宅等）,駐車（輪）場,20歳代,大学生,施錠せず
窃盗,自転車盗,弘前,桝形交番,22021,青森県,弘前市,大字稔町,2021/12/2,5,一戸建住宅,駐車（輪）場,50歳代,その他,施錠せず
窃盗,自転車盗,弘前,桝形交番,22021,青森県,弘前市,大字吉野町,2021/8/2,7,その他,駐車（輪）場,10歳代,高校生,施錠せず
窃盗,自転車盗,弘前,石川駐在所,22021,青森県,弘前市,大字石川字長者森,2021/4/20,7,その他,駐車（輪）場,10歳代,高校生,施錠せず
窃盗,自転車盗,弘前,石川駐在所,22021,青森県,弘前市,大字石川字長者森,2021/4/23,8,その他,駐車（輪）場,10歳代,高校生,施錠せず
窃盗,自転車盗,弘前,藤代駐在所,22021,青森県,弘前市,大字浜の町東２丁目,2021/7/6,14,その他の住宅（３階建て以下共同住宅等）,その他,60-64歳,その他,施錠した
窃盗,自転車盗,弘前,藤崎駐在所,23612,青森県,藤崎町,大字藤崎字西村井,2020/7/25,7,その他,駐車（輪）場,10歳代,その他,施錠せず
窃盗,自転車盗,八戸,みなと白銀交番,22039,青森県,八戸市,大字白銀町字大沢片平,2021/1/27,18,その他,駐車（輪）場,10歳代,中学生,施錠した
窃盗,自転車盗,八戸,みなと白銀交番,22039,青森県,八戸市,大字白銀町字大沢片平,2021/6/1,0,その他,駐車（輪）場,10歳代,その他,施錠せず
窃盗,自転車盗,八戸,みなと白銀交番,22039,青森県,八戸市,大字新井田字重地下,2021/8/14,16,その他の住宅（３階建て以下共同住宅等）,駐車（輪）場,法人・団体、被害者なし,法人・団体、被害者なし,施錠せず
窃盗,自転車盗,八戸,みなと白銀交番,22039,青森県,八戸市,大字湊町字穴畑,2021/2/22,15,その他,駐車（輪）場,70歳以上,その他,施錠せず
窃盗,自転車盗,八戸,みなと白銀交番,22039,青森県,八戸市,大字湊町字上田屋前,2021/6/21,8,その他の住宅（３階建て以下共同住宅等）,駐車（輪）場,10歳代,その他,施錠した
窃盗,自転車盗,八戸,みなと白銀交番,22039,青森県,八戸市,湊高台８丁目,2021/6/27,8,その他,駐車（輪）場,10歳代,高校生,施錠した
窃盗,自転車盗,八戸,下長交番,22039,青森県,八戸市,大字長苗代字島ノ前,2021/3/2,7,その他,駐車（輪）場,10歳代,高校生,施錠せず
窃盗,自転車盗,八戸,下長交番,22039,青森県,八戸市,下長２丁目,2021/11/19,15,その他,駐車（輪）場,50歳代,その他,施錠せず
窃盗,自転車盗,八戸,中央交番,22039,青森県,八戸市,大字鷹匠小路,2021/11/20,15,その他,駐車（輪）場,10歳代,中学生,施錠せず
窃盗,自転車盗,八戸,中央交番,22039,青森県,八戸市,大字中居林字雷,2021/7/8,17,その他の住宅（３階建て以下共同住宅等）,駐車（輪）場,20歳代,その他,施錠せず
窃盗,自転車盗,八戸,中央交番,22039,青森県,八戸市,大字糠塚字南長市,2021/4/28,16,一戸建住宅,駐車（輪）場,10歳代,高校生,施錠せず
窃盗,自転車盗,八戸,中央交番,22039,青森県,八戸市,大字類家字縄手下,2021/7/1,6,その他の住宅（３階建て以下共同住宅等）,駐車（輪）場,40歳代,その他,施錠した
窃盗,自転車盗,八戸,中央交番,22039,青森県,八戸市,長者１丁目,2021/4/28,17,その他の住宅（３階建て以下共同住宅等）,駐車（輪）場,10歳代,その他,施錠せず
窃盗,自転車盗,八戸,八戸駅前交番,22039,青森県,八戸市,一番町１丁目,2021/8/22,19,その他,駐車（輪）場,50歳代,その他,施錠せず
窃盗,自転車盗,八戸,八戸駅前交番,22039,青森県,八戸市,大字尻内町字内田,2021/7/25,17,その他の住宅（３階建て以下共同住宅等）,駐車（輪）場,10歳代,中学生,施錠せず
窃盗,自転車盗,八戸,大館駐在所,22039,青森県,八戸市,大字松館字軽井沢,2021/4/22,14,その他,その他,40歳代,その他,施錠した
窃盗,自転車盗,八戸,大館駐在所,22039,青森県,八戸市,大字妙字大開,2021/6/11,18,その他,駐車（輪）場,10歳代,大学生,施錠せず
窃盗,自転車盗,八戸,小中野交番,22039,青森県,八戸市,江陽２丁目,2021/8/18,13,その他,駐車（輪）場,10歳代,中学生,施錠せず
窃盗,自転車盗,八戸,小中野交番,22039,青森県,八戸市,江陽２丁目,2021/8/23,14,その他,駐車（輪）場,10歳代,高校生,施錠せず
窃盗,自転車盗,八戸,小中野交番,22039,青森県,八戸市,小中野４丁目,2021/8/31,19,一戸建住宅,駐車（輪）場,10歳代,中学生,施錠せず
窃盗,自転車盗,八戸,沼館駐在所,22039,青森県,八戸市,沼館１丁目,2021/7/10,23,その他の住宅（３階建て以下共同住宅等）,駐車（輪）場,30歳代,その他,施錠した
窃盗,自転車盗,八戸,沼館駐在所,22039,青森県,八戸市,沼館３丁目,2021/3/21,17,その他,駐車（輪）場,法人・団体、被害者なし,法人・団体、被害者なし,施錠せず
窃盗,自転車盗,八戸,沼館駐在所,22039,青森県,八戸市,沼館４丁目,2021/4/21,11,その他,駐車（輪）場,20歳代,その他,施錠せず
窃盗,自転車盗,八戸,沼館駐在所,22039,青森県,八戸市,沼館４丁目,2021/7/2,9,その他,駐車（輪）場,30歳代,その他,施錠せず
窃盗,自転車盗,八戸,沼館駐在所,22039,青森県,八戸市,沼館４丁目,2021/8/21,12,その他,駐車（輪）場,10歳代,中学生,施錠せず
窃盗,自転車盗,八戸,階上交番,24465,青森県,階上町,蒼前西１丁目,2021/7/18,23,その他の住宅（３階建て以下共同住宅等）,駐車（輪）場,10歳代,大学生,施錠せず
窃盗,自転車盗,八戸,階上交番,24465,青森県,階上町,蒼前西５丁目,2021/11/11,15,その他の住宅（３階建て以下共同住宅等）,駐車（輪）場,10歳代,大学生,施錠せず
窃盗,自転車盗,八戸,階上交番,24465,青森県,階上町,蒼前西６丁目,2021/4/29,9,その他の住宅（３階建て以下共同住宅等）,駐車（輪）場,20歳代,大学生,施錠せず
窃盗,自転車盗,八戸,類家交番,22039,青森県,八戸市,類家５丁目,2021/5/15,18,その他の住宅（３階建て以下共同住宅等）,駐車（輪）場,60-64歳,その他,施錠した
窃盗,自転車盗,黒石,ちとせ交番,22047,青森県,黒石市,緑町１丁目,2021/5/6,7,その他,駐車（輪）場,10歳代,大学生,施錠せず
窃盗,自転車盗,黒石,ちとせ交番,22047,青森県,黒石市,緑町１丁目,2021/8/9,7,その他,駐車（輪）場,10歳代,高校生,施錠した
窃盗,自転車盗,黒石,ちとせ交番,22047,青森県,黒石市,緑町１丁目,2021/9/15,6,駐車（輪）場,駐車（輪）場,10歳代,高校生,施錠せず
窃盗,自転車盗,黒石,ちとせ交番,22101,青森県,平川市,中佐渡南田,2021/4/12,8,その他,駐車（輪）場,10歳代,中学生,施錠した
窃盗,自転車盗,黒石,尾上駐在所,22101,青森県,平川市,尾上栄松,2021/8/6,12,一戸建住宅,駐車（輪）場,65-69歳,その他,施錠せず
窃盗,自転車盗,黒石,平賀交番,22101,青森県,平川市,新館藤山,2021/8/5,12,その他の住宅（３階建て以下共同住宅等）,駐車（輪）場,10歳代,高校生,施錠せず
窃盗,自転車盗,黒石,平賀交番,22101,青森県,平川市,本町北柳田,2019/4/15,10,その他,駐車（輪）場,50歳代,その他,施錠した
窃盗,自転車盗,黒石,平賀交番,22101,青森県,平川市,本町北柳田,2021/5/11,16,その他,駐車（輪）場,60-64歳,その他,施錠した
窃盗,自転車盗,黒石,平賀交番,22101,青森県,平川市,本町北柳田,2021/10/1,7,その他,駐車（輪）場,10歳代,高校生,施錠せず
窃盗,自転車盗,黒石,,22047,青森県,黒石市,青山,2021/3/19,21,その他の住宅（３階建て以下共同住宅等）,駐車（輪）場,10歳代,高校生,施錠せず
窃盗,自転車盗,黒石,,22047,青森県,黒石市,緑町１丁目,2021/4/28,17,その他,駐車（輪）場,10歳代,高校生,施錠せず
窃盗,自転車盗,黒石,,22047,青森県,黒石市,緑町１丁目,2021/7/15,17,その他,駐車（輪）場,10歳代,高校生,施錠せず
窃盗,自転車盗,黒石,,22047,青森県,黒石市,緑町１丁目,2021/12/10,7,その他,駐車（輪）場,10歳代,高校生,施錠せず
窃盗,自転車盗,五所川原,エルムの街交番,22055,青森県,五所川原市,大字唐笠柳字藤巻,2021/10/28,15,その他,駐車（輪）場,70歳以上,その他,施錠せず
窃盗,自転車盗,五所川原,エルムの街交番,22055,青森県,五所川原市,字一ツ谷,2021/4/28,7,駐車（輪）場,駐車（輪）場,10歳代,高校生,施錠せず
窃盗,自転車盗,五所川原,エルムの街交番,22055,青森県,五所川原市,みどり町２丁目,2021/6/28,17,４階建て以上共同住宅,駐車（輪）場,40歳代,その他,施錠せず
窃盗,自転車盗,五所川原,喜良市駐在所,22055,青森県,五所川原市,金木町喜良市新千苅,2021/7/10,12,一戸建住宅,駐車（輪）場,70歳以上,その他,施錠せず
窃盗,自転車盗,五所川原,西部駐在所,22055,青森県,五所川原市,大字川山字森内,2021/11/7,17,一戸建住宅,駐車（輪）場,10歳代,高校生,施錠せず
窃盗,自転車盗,五所川原,西部駐在所,22055,青森県,五所川原市,字弥生町,2021/5/10,19,駐車（輪）場,駐車（輪）場,10歳代,高校生,施錠せず
窃盗,自転車盗,五所川原,駅前交番,22055,青森県,五所川原市,字岩木町,2021/4/8,3,その他,駐車（輪）場,20歳代,その他,施錠した
窃盗,自転車盗,五所川原,駅前交番,22055,青森県,五所川原市,字鎌谷町,2021/7/3,20,その他,駐車（輪）場,10歳代,高校生,施錠せず
窃盗,自転車盗,五所川原,駅前交番,22055,青森県,五所川原市,字中平井町,2021/6/22,7,その他,駐車（輪）場,10歳代,中学生,施錠せず
窃盗,自転車盗,五所川原,駅前交番,22055,青森県,五所川原市,字蓮沼,2021/7/8,16,４階建て以上共同住宅,駐車（輪）場,10歳代,高校生,施錠せず
窃盗,自転車盗,五所川原,駅前交番,22055,青森県,五所川原市,字弥生町,2021/4/10,6,駐車（輪）場,駐車（輪）場,10歳代,高校生,施錠した
窃盗,自転車盗,五所川原,駅前交番,22055,青森県,五所川原市,字弥生町,2021/4/10,12,駐車（輪）場,駐車（輪）場,10歳代,高校生,施錠した
窃盗,自転車盗,五所川原,駅前交番,22055,青森県,五所川原市,字弥生町,2021/6/25,19,駐車（輪）場,駐車（輪）場,10歳代,高校生,施錠せず
窃盗,自転車盗,五所川原,駅前交番,22055,青森県,五所川原市,字弥生町,2021/6/28,18,駐車（輪）場,駐車（輪）場,10歳代,高校生,施錠せず
窃盗,自転車盗,五所川原,駅前交番,22055,青森県,五所川原市,字弥生町,2021/6/28,19,駐車（輪）場,駐車（輪）場,10歳代,高校生,施錠せず
窃盗,自転車盗,五所川原,駅前交番,22055,青森県,五所川原市,字弥生町,2021/9/6,16,駐車（輪）場,駐車（輪）場,10歳代,高校生,施錠せず
窃盗,自転車盗,五所川原,駅前交番,22055,青森県,五所川原市,字弥生町,2021/11/1,17,駐車（輪）場,駐車（輪）場,10歳代,高校生,施錠せず
窃盗,自転車盗,五所川原,鶴田駐在所,23841,青森県,鶴田町,大字鶴田字前田,2021/8/4,17,その他,駐車（輪）場,10歳代,中学生,施錠した
窃盗,自転車盗,むつ,田名部交番,22080,青森県,むつ市,小川町２丁目,2021/11/21,9,その他,駐車（輪）場,10歳代,高校生,施錠せず
窃盗,自転車盗,三沢,おいらせ交番,22071,青森県,三沢市,松園町３丁目,2021/10/10,10,その他,駐車（輪）場,10歳代,高校生,施錠せず
窃盗,自転車盗,三沢,おいらせ交番,24121,青森県,おいらせ町,境田,2021/7/17,7,一戸建住宅,駐車（輪）場,10歳代,中学生,施錠せず
窃盗,自転車盗,三沢,おいらせ交番,24121,青森県,おいらせ町,境田,2021/10/25,7,その他,駐車（輪）場,10歳代,高校生,施錠せず
窃盗,自転車盗,三沢,おいらせ交番,24121,青森県,おいらせ町,境田,2021/10/31,12,その他,駐車（輪）場,10歳代,高校生,施錠した
窃盗,自転車盗,三沢,中央交番,22071,青森県,三沢市,大字犬落瀬字古間木,2021/7/29,8,その他,駐車（輪）場,10歳代,高校生,施錠せず
窃盗,自転車盗,三沢,中央交番,22071,青森県,三沢市,大字犬落瀬字古間木,2021/8/6,12,その他,駐車（輪）場,10歳代,高校生,施錠した
窃盗,自転車盗,三沢,中央交番,22071,青森県,三沢市,大字犬落瀬字古間木,2021/10/6,8,その他,駐車（輪）場,10歳代,高校生,施錠せず
窃盗,自転車盗,三沢,中央交番,22071,青森県,三沢市,大字犬落瀬字古間木,2021/10/7,15,その他,駐車（輪）場,10歳代,高校生,施錠せず
窃盗,自転車盗,三沢,中央交番,22071,青森県,三沢市,幸町１丁目,2021/9/25,10,一戸建住宅,駐車（輪）場,10歳代,小学生,施錠せず
窃盗,自転車盗,三沢,中央交番,22071,青森県,三沢市,桜町２丁目,2021/9/19,11,一戸建住宅,駐車（輪）場,10歳代,高校生,施錠せず
窃盗,自転車盗,三沢,中央交番,22071,青森県,三沢市,松園町３丁目,2021/8/31,19,その他,駐車（輪）場,50歳代,その他,施錠した
窃盗,自転車盗,三沢,中央交番,22071,青森県,三沢市,松園町３丁目,2021/9/23,13,その他,駐車（輪）場,10歳代,中学生,施錠せず
窃盗,自転車盗,十和田,中央交番,22063,青森県,十和田市,稲生町,2021/3/27,8,その他,駐車（輪）場,10歳代,高校生,施錠した
窃盗,自転車盗,十和田,中央交番,22063,青森県,十和田市,稲生町,2021/12/12,5,一戸建住宅,駐車（輪）場,10歳代,高校生,施錠せず
窃盗,自転車盗,十和田,中央交番,22063,青森県,十和田市,東三番町,2021/4/9,19,その他の住宅（３階建て以下共同住宅等）,駐車（輪）場,30歳代,その他,施錠した
窃盗,自転車盗,十和田,六戸駐在所,24058,青森県,六戸町,大字犬落瀬字後田,2021/7/29,11,その他,駐車（輪）場,70歳以上,その他,施錠せず
窃盗,自転車盗,十和田,東交番,22063,青森県,十和田市,大字相坂字高清水,2021/10/9,12,その他,駐車（輪）場,10歳代,高校生,施錠せず
窃盗,自転車盗,十和田,東交番,22063,青森県,十和田市,大字三本木字野崎,2021/10/2,17,その他,駐車（輪）場,20歳代,その他,施錠せず
窃盗,自転車盗,十和田,東交番,22063,青森県,十和田市,東二十一番町,2021/3/23,16,駐車（輪）場,駐車（輪）場,20歳代,大学生,施錠せず
窃盗,自転車盗,十和田,東交番,22063,青森県,十和田市,東二十一番町,2021/7/3,21,その他の住宅（３階建て以下共同住宅等）,駐車（輪）場,20歳代,大学生,施錠せず
窃盗,自転車盗,十和田,東交番,22063,青森県,十和田市,東二十三番町,2021/3/13,12,その他の住宅（３階建て以下共同住宅等）,駐車（輪）場,20歳代,大学生,施錠せず
窃盗,自転車盗,十和田,東交番,22063,青森県,十和田市,東二十四番町,2021/3/10,6,その他の住宅（３階建て以下共同住宅等）,駐車（輪）場,20歳代,大学生,施錠せず
窃盗,自転車盗,十和田,東交番,22063,青森県,十和田市,東二十四番町,2021/10/23,19,その他の住宅（３階建て以下共同住宅等）,駐車（輪）場,20歳代,大学生,施錠せず
窃盗,自転車盗,十和田,,22063,青森県,十和田市,大字相坂字六日町山,2021/3/8,10,その他,駐車（輪）場,10歳代,高校生,施錠せず
窃盗,自転車盗,十和田,,22063,青森県,十和田市,東一番町,2021/7/26,16,その他,駐車（輪）場,10歳代,高校生,施錠せず
窃盗,自転車盗,つがる,署所在地交番,22098,青森県,つがる市,木造房松,2021/7/21,19,その他,駐車（輪）場,10歳代,高校生,施錠せず
窃盗,自転車盗,鰺ケ沢,署所在地交番,23213,青森県,鰺ヶ沢町,大字漁師町,2021/12/7,19,一戸建住宅,駐車（輪）場,70歳以上,その他,施錠せず
窃盗,自転車盗,三戸,名川駐在所,24457,青森県,南部町,大字平字後平,2021/5/6,9,一戸建住宅,駐車（輪）場,50歳代,その他,施錠せず
窃盗,自転車盗,三戸,福地駐在所,24457,青森県,南部町,大字福田字山道,2021/7/19,19,一戸建住宅,駐車（輪）場,10歳代,高校生,施錠せず
窃盗,自転車盗,七戸,上北駐在所,24082,青森県,東北町,上北北１丁目,2021/8/20,7,その他,駐車（輪）場,10歳代,高校生,施錠せず
窃盗,自転車盗,七戸,署所在地交番,24023,青森県,七戸町,字七戸,2021/3/22,10,道路上,その他,70歳以上,その他,施錠せず
窃盗,自転車盗,青森南,署所在地交番,22012,青森県,青森市,浪岡大字樽沢字村元,2021/5/6,16,一戸建住宅,駐車（輪）場,10歳代,中学生,施錠せず
窃盗,自転車盗,青森南,署所在地交番,22012,青森県,青森市,浪岡大字浪岡字細田,2021/8/25,19,その他,駐車（輪）場,10歳代,高校生,施錠した
窃盗,自転車盗,青森南,署所在地交番,22012,青森県,青森市,浪岡大字女鹿沢字稲本,2021/8/19,11,その他,駐車（輪）場,60-64歳,その他,施錠せず
窃盗,自転車盗,板柳,署所在地交番,23817,青森県,板柳町,大字辻字松元,2021/9/3,18,その他,その他,10歳代,高校生,施錠した
窃盗,自転車盗,板柳,署所在地交番,23817,青森県,板柳町,大字福野田字実田,2021/5/28,7,その他,駐車（輪）場,10歳代,高校生,施錠した
窃盗,自転車盗,板柳,署所在地交番,23817,青森県,板柳町,大字福野田字実田,2021/8/25,7,駐車（輪）場,駐車（輪）場,10歳代,高校生,施錠した
窃盗,自転車盗,板柳,,23817,青森県,板柳町,大字三千石字合吉,2021/5/4,13,その他,駐車（輪）場,65-69歳,その他,施錠した
窃盗,自転車盗,板柳,,23817,青森県,板柳町,大字福野田字実田,2021/7/31,7,駐車（輪）場,駐車（輪）場,10歳代,高校生,施錠せず